,X0,X1,X2,X3,X5,X6,X7,X8,X9,X10,X11,X13,X14,X15,X16,X17,X18,X19,X20,X21,X22,X23,X24,X25,X26,X27,X28,X29,X30,X31,X32,X33,X34,X35,X36,X37,X38,X39,X40,X41,X43,X44,X45,X47,X48,X49,X50,X51,X52,X53,X54,X55,X56,X57,X58,X59,X60,X61,X62,X63,X64,X65,X66,X67
X0,0.05958813056349754,0.06644344329833984,0.06777047365903854,0.056160204112529755,0.06457554548978806,0.057451680302619934,0.06480881571769714,0.07782015949487686,0.07058870792388916,0.07071898132562637,0.05802009999752045,0.06432382017374039,0.06932283937931061,0.06051047891378403,0.0831785798072815,0.060647085309028625,0.06827192008495331,0.05475581809878349,0.06971195340156555,0.06815139949321747,0.06833832710981369,0.075093574821949,0.06249478831887245,0.07028457522392273,0.06945924460887909,0.07066021114587784,0.06139540672302246,0.07052741199731827,0.07113351672887802,0.06552708148956299,0.06325628608465195,0.07911857962608337,0.07027839869260788,0.053646452724933624,0.06819088757038116,0.056854940950870514,0.062425922602415085,0.06799758970737457,0.0777425765991211,0.07645309716463089,0.06152839586138725,0.05374329909682274,0.06883256882429123,0.05757530778646469,0.06086820363998413,0.06643212586641312,0.07436252385377884,0.0746733546257019,0.05906063690781593,0.057647328823804855,0.07878635078668594,0.07374490052461624,0.07205470651388168,0.06835876405239105,0.07883397489786148,0.05979957804083824,0.06884792447090149,0.06127260997891426,0.06205732002854347,0.06425009667873383,0.08586771041154861,0.0665033832192421,0.05945734679698944,0.0666051134467125
X1,0.05257224664092064,0.06563218683004379,0.06669960170984268,0.06428410112857819,0.06246942654252052,0.0784800723195076,0.05983559414744377,0.06943535804748535,0.06254608929157257,0.06760189682245255,0.0586114339530468,0.06128362938761711,0.061720553785562515,0.05854290351271629,0.06640083342790604,0.07233770191669464,0.0679255798459053,0.07693084329366684,0.05425996705889702,0.05711197108030319,0.07117521017789841,0.07089158147573471,0.0678408071398735,0.07219664752483368,0.07650643587112427,0.07579629868268967,0.0724121555685997,0.07781487703323364,0.042310118675231934,0.05823924392461777,0.06467480212450027,0.07476288825273514,0.05969470366835594,0.0719260647892952,0.08162985742092133,0.07395188510417938,0.07032324373722076,0.06327126175165176,0.07172990590333939,0.07012288272380829,0.060437947511672974,0.06276726722717285,0.07176550477743149,0.06219525262713432,0.05852368101477623,0.07440606504678726,0.05904906243085861,0.06158165633678436,0.061594560742378235,0.06456734240055084,0.06262648850679398,0.06529216468334198,0.06211337074637413,0.06225910782814026,0.07604093849658966,0.06558432430028915,0.06902841478586197,0.06253953278064728,0.07530230283737183,0.06996031105518341,0.06492641568183899,0.06270775198936462,0.06617582589387894,0.06546536087989807
X2,0.07523472607135773,0.0855361819267273,0.0688011571764946,0.06348910927772522,0.07511968910694122,0.056945230811834335,0.07505923509597778,0.060435984283685684,0.06237790361046791,0.07795990258455276,0.08087542653083801,0.059600818902254105,0.07174066454172134,0.056245993822813034,0.06708583235740662,0.06646712124347687,0.0542360357940197,0.07321929931640625,0.06532477587461472,0.07427311688661575,0.06524808704853058,0.07175025343894958,0.07078041881322861,0.06453462690114975,0.06892070919275284,0.05878311023116112,0.0655331090092659,0.06981970369815826,0.07789440453052521,0.06862479448318481,0.06251142919063568,0.06458672881126404,0.07155202329158783,0.0730261504650116,0.06281982362270355,0.0726189985871315,0.07212179899215698,0.0642525926232338,0.07131403684616089,0.05967727303504944,0.07530476897954941,0.06808242946863174,0.07178718596696854,0.06336088478565216,0.06468697637319565,0.07104399800300598,0.06965666264295578,0.05655224621295929,0.05874160677194595,0.05744880437850952,0.0650869756937027,0.07455596327781677,0.060340166091918945,0.06915844976902008,0.05938658118247986,0.0742519423365593,0.06509225815534592,0.07970785349607468,0.05843467637896538,0.07929322123527527,0.0758807361125946,0.061709918081760406,0.06105796992778778,0.06980106979608536
X3,0.06508061289787292,0.08173341304063797,0.06281257420778275,0.07087850570678711,0.06850212812423706,0.06704505532979965,0.06986881047487259,0.0705425888299942,0.07455383986234665,0.06495386362075806,0.07043973356485367,0.08513349294662476,0.06536450237035751,0.07061287760734558,0.05524047464132309,0.07181416451931,0.07364422082901001,0.0626748725771904,0.07517659664154053,0.06568823009729385,0.0816434845328331,0.0819002017378807,0.07077391445636749,0.08509369194507599,0.07030273228883743,0.07001519948244095,0.06094677001237869,0.07098948955535889,0.06272117793560028,0.06965876370668411,0.07242872565984726,0.06864666938781738,0.0580882802605629,0.06496990472078323,0.06769727915525436,0.07411904633045197,0.06598774343729019,0.05609539896249771,0.058465417474508286,0.08134642988443375,0.06899216026067734,0.0673319548368454,0.05432822182774544,0.07516226172447205,0.06554753333330154,0.0661201998591423,0.06789006292819977,0.07526514679193497,0.0630231499671936,0.07530202716588974,0.06323173642158508,0.06861165910959244,0.06742848455905914,0.06888733059167862,0.07016222178936005,0.07428555190563202,0.07242780923843384,0.05472167953848839,0.0845974013209343,0.07278671860694885,0.06601458787918091,0.06605902314186096,0.07657772302627563,0.062401529401540756
X5,0.06274351477622986,0.05946444720029831,0.06228194758296013,0.07041505724191666,0.07332852482795715,0.06327015906572342,0.06528760492801666,0.07327604293823242,0.07742272317409515,0.08020532876253128,0.07134944945573807,0.0776275172829628,0.08851385116577148,0.07282393425703049,0.08453959971666336,0.08107421547174454,0.06500355899333954,0.06760665774345398,0.0749860554933548,0.051356155425310135,0.06398755311965942,0.07643045485019684,0.06337957829236984,0.0688539519906044,0.07541298121213913,0.07429137825965881,0.06168736517429352,0.06808605045080185,0.0625220239162445,0.07715404778718948,0.06306224316358566,0.067469522356987,0.06858251243829727,0.05852770805358887,0.06772864609956741,0.06482356786727905,0.061448365449905396,0.07991832494735718,0.0608832985162735,0.07904350757598877,0.063944511115551,0.07838939130306244,0.08359557390213013,0.0771283209323883,0.06354215741157532,0.054797884076833725,0.06533732265233994,0.07936888933181763,0.062284916639328,0.07369159162044525,0.07594995945692062,0.06365090608596802,0.06399073451757431,0.074669748544693,0.06462042033672333,0.06065109372138977,0.06534964591264725,0.07006745785474777,0.07826811820268631,0.071503646671772,0.0914856493473053,0.06749062240123749,0.055974144488573074,0.07265735417604446
X6,0.07427017390727997,0.0777258425951004,0.07537873089313507,0.07138331979513168,0.06838226318359375,0.060296181589365005,0.06994569301605225,0.07200370728969574,0.07061156630516052,0.07089050114154816,0.07180820405483246,0.07811404019594193,0.07032588124275208,0.05048750713467598,0.08083789050579071,0.06340636312961578,0.05694705247879028,0.06673242896795273,0.06726108491420746,0.05767134577035904,0.07089844346046448,0.07233881950378418,0.06994151324033737,0.07435941696166992,0.0656621977686882,0.06593181192874908,0.06258367747068405,0.06644885241985321,0.06555477529764175,0.07147731631994247,0.07782775908708572,0.07737398147583008,0.06915737688541412,0.0731411948800087,0.07123395800590515,0.05305441841483116,0.06830801069736481,0.058000460267066956,0.06024223566055298,0.06426943838596344,0.06482277810573578,0.05552453175187111,0.06474962830543518,0.06933298707008362,0.058156244456768036,0.07822967320680618,0.06623335927724838,0.07166638225317001,0.07453719526529312,0.060447003692388535,0.06819463521242142,0.0563327930867672,0.06048049405217171,0.060492079704999924,0.06378032267093658,0.06017895042896271,0.05728079751133919,0.058740295469760895,0.06116217002272606,0.07374566048383713,0.05764617770910263,0.0774807408452034,0.07118591666221619,0.065754733979702
X7,0.061163175851106644,0.06126774474978447,0.0717257484793663,0.06462239474058151,0.0564519502222538,0.07383505254983902,0.06570667773485184,0.06615182012319565,0.07618772238492966,0.07606212794780731,0.06788144260644913,0.05919110029935837,0.0536927729845047,0.051400747150182724,0.08313348144292831,0.07441287487745285,0.06065228581428528,0.07426705956459045,0.08219751715660095,0.07959450036287308,0.050193823873996735,0.06514683365821838,0.07492993772029877,0.06313832849264145,0.07051514834165573,0.07004164159297943,0.05210760980844498,0.05924481898546219,0.07056945562362671,0.07015431672334671,0.06575994938611984,0.07286059856414795,0.05517322197556496,0.0696602612733841,0.06311288475990295,0.07001326978206635,0.07114095240831375,0.07157707214355469,0.06405949592590332,0.06597332656383514,0.06338707357645035,0.06285252422094345,0.08265981823205948,0.07247689366340637,0.0717427060008049,0.06894127279520035,0.07064078748226166,0.07874438166618347,0.06303126364946365,0.055644866079092026,0.07802269607782364,0.06945173442363739,0.0700511783361435,0.06255907565355301,0.06782469153404236,0.059077706187963486,0.05822098255157471,0.06603729724884033,0.054026056081056595,0.07594039291143417,0.0665675699710846,0.064510777592659,0.05799628049135208,0.0568276010453701
X8,0.049610208719968796,0.07692921906709671,0.0699593797326088,0.06199709326028824,0.06753823161125183,0.06472142785787582,0.0834122896194458,0.05940520018339157,0.062068019062280655,0.05969306081533432,0.06296440213918686,0.06767325848340988,0.06471142172813416,0.08382193744182587,0.06975119560956955,0.057629525661468506,0.07456417381763458,0.08020365238189697,0.06891811639070511,0.059826772660017014,0.062226973474025726,0.06417613476514816,0.06248963624238968,0.07239485532045364,0.06202086806297302,0.07724203169345856,0.06719788908958435,0.08171536773443222,0.06316909193992615,0.06579902023077011,0.074802465736866,0.07330267876386642,0.06439466774463654,0.06486180424690247,0.061421651393175125,0.06596982479095459,0.06817648559808731,0.07223580032587051,0.07131340354681015,0.06449265778064728,0.062256138771772385,0.06850997358560562,0.07549192011356354,0.06030678749084473,0.07255470007658005,0.0637231394648552,0.05793873220682144,0.06036865711212158,0.06371462345123291,0.0666278824210167,0.06656920164823532,0.07420816272497177,0.06748759001493454,0.07180394977331161,0.07402102649211884,0.053323011845350266,0.06769614666700363,0.06705502420663834,0.08194204419851303,0.0772281214594841,0.07664231956005096,0.05407785624265671,0.05913027003407478,0.06315961480140686
X9,0.06056715548038483,0.07254619151353836,0.06076667830348015,0.08099348843097687,0.059901729226112366,0.07446331530809402,0.07595084607601166,0.08079128712415695,0.06153501197695732,0.06712382286787033,0.07752585411071777,0.0659799873828888,0.08153757452964783,0.07684355229139328,0.06631247699260712,0.0663193091750145,0.06891925632953644,0.07341572642326355,0.05602923035621643,0.06563008576631546,0.06099453940987587,0.0720578283071518,0.0700937807559967,0.06436406075954437,0.06747352331876755,0.0634118840098381,0.07452662289142609,0.08608637750148773,0.06377434730529785,0.06093302741646767,0.06615418940782547,0.0686255693435669,0.06818467378616333,0.07630666345357895,0.05904387682676315,0.0829692855477333,0.05949852615594864,0.06174784153699875,0.07633170485496521,0.07774839550256729,0.0723797082901001,0.0648520365357399,0.07195037603378296,0.06534558534622192,0.06812744587659836,0.06345504522323608,0.07510371506214142,0.060936909168958664,0.07056576013565063,0.07707531750202179,0.0687289610505104,0.08128666132688522,0.07275233417749405,0.06461019068956375,0.07356239855289459,0.07535233348608017,0.06416443735361099,0.07820025086402893,0.06999403238296509,0.07339578121900558,0.07181426137685776,0.07930029928684235,0.05986235663294792,0.05747758224606514
X10,0.0751417800784111,0.07391028106212616,0.06105982884764671,0.05856018140912056,0.054114069789648056,0.05905822664499283,0.06290280818939209,0.06349923461675644,0.0769423171877861,0.06465345621109009,0.07636147737503052,0.07410629838705063,0.07058153301477432,0.06718191504478455,0.06371811777353287,0.07248391211032867,0.07115960121154785,0.07722774147987366,0.07102754712104797,0.06323050707578659,0.06245431303977966,0.06303869187831879,0.06694488972425461,0.06454716622829437,0.05897824466228485,0.06997601687908173,0.06878118216991425,0.06574434787034988,0.07211437821388245,0.07070256024599075,0.06255968660116196,0.07745081931352615,0.07113367319107056,0.07433213293552399,0.06329337507486343,0.07566547393798828,0.06781317293643951,0.08170846849679947,0.07874123007059097,0.06948067992925644,0.07130808383226395,0.062220942229032516,0.07076700031757355,0.05925784260034561,0.07165922224521637,0.06433279812335968,0.06583139300346375,0.0707075446844101,0.08299743384122849,0.0657380223274231,0.06025101616978645,0.0697893351316452,0.07007567584514618,0.050914015620946884,0.06334736198186874,0.06572380661964417,0.0721580758690834,0.0699486956000328,0.05989954620599747,0.0639924481511116,0.055362582206726074,0.07942647486925125,0.0721845030784607,0.06920070946216583
X11,0.0682506412267685,0.07801599055528641,0.06413339078426361,0.06873296946287155,0.07483850419521332,0.06583964824676514,0.07062962651252747,0.06643122434616089,0.06258036941289902,0.057972993701696396,0.05986819043755531,0.0738847628235817,0.06876249611377716,0.06515300273895264,0.0616091750562191,0.06537343561649323,0.07730786502361298,0.06112515926361084,0.057260993868112564,0.06057792901992798,0.05433528125286102,0.05562393739819527,0.07309888303279877,0.06691276282072067,0.07128460705280304,0.06699337810277939,0.0608842670917511,0.061315763741731644,0.06961818784475327,0.06504197418689728,0.056691933423280716,0.06133347377181053,0.06545169651508331,0.06525225192308426,0.0766492560505867,0.08030916005373001,0.07423371821641922,0.059603918343782425,0.06581877171993256,0.06709828227758408,0.0684194564819336,0.07773754745721817,0.07267296314239502,0.073525071144104,0.06880208849906921,0.0729445219039917,0.07340347021818161,0.06912433356046677,0.06802515685558319,0.07097477465867996,0.0701090469956398,0.08216004073619843,0.0535016804933548,0.0673666000366211,0.06966648250818253,0.06536056101322174,0.05721791833639145,0.06952773779630661,0.07036099582910538,0.07280563563108444,0.05711597949266434,0.06467446684837341,0.06068481132388115,0.06434686481952667
X13,0.055957991629838943,0.058956388384103775,0.06278753280639648,0.06592293083667755,0.06765025854110718,0.057597339153289795,0.06343993544578552,0.07132314890623093,0.07835797220468521,0.06820923089981079,0.07586223632097244,0.05519009381532669,0.06360818445682526,0.06360941380262375,0.05548131838440895,0.0648718923330307,0.06797319650650024,0.0722910538315773,0.06973538547754288,0.06655307114124298,0.07314610481262207,0.06878861784934998,0.06430769711732864,0.07421217113733292,0.05459296330809593,0.078311026096344,0.08350096642971039,0.05421209707856178,0.07664686441421509,0.06672500818967819,0.06525855511426926,0.0704188421368599,0.07130864262580872,0.0719718411564827,0.07464680820703506,0.07692933827638626,0.05881545692682266,0.06851369887590408,0.058798253536224365,0.06991683691740036,0.0732976570725441,0.061927761882543564,0.057179052382707596,0.07562072575092316,0.06690608710050583,0.0654129758477211,0.06722982972860336,0.06665433943271637,0.07438776642084122,0.07377716898918152,0.06709852814674377,0.0721532553434372,0.07048315554857254,0.0538259893655777,0.07451779395341873,0.06056626886129379,0.07758499681949615,0.08098697662353516,0.0706431120634079,0.0719105526804924,0.06720331311225891,0.0642201378941536,0.0880231261253357,0.059117391705513
X14,0.06846479326486588,0.07419519126415253,0.06583736836910248,0.07014147192239761,0.07092495262622833,0.06788968294858932,0.07316271215677261,0.07015955448150635,0.07370177656412125,0.07695744931697845,0.07014898210763931,0.06577412039041519,0.060411155223846436,0.06994027644395828,0.0646369531750679,0.05729341134428978,0.08221141248941422,0.07123888283967972,0.07288405299186707,0.061584021896123886,0.06457525491714478,0.061940956860780716,0.060881391167640686,0.07589701563119888,0.07625019550323486,0.06690387427806854,0.06724347174167633,0.07527277618646622,0.06324692815542221,0.07422363758087158,0.0667639821767807,0.07258978486061096,0.08320430666208267,0.06533199548721313,0.07032784074544907,0.06987051665782928,0.05991934612393379,0.07272659987211227,0.06036769226193428,0.06935520470142365,0.06259969621896744,0.06578532606363297,0.07995163649320602,0.0640011876821518,0.0597727932035923,0.06615251302719116,0.06380118429660797,0.06753962486982346,0.07805127650499344,0.07936195284128189,0.0739167332649231,0.06636801362037659,0.07534127682447433,0.07713394612073898,0.06956203281879425,0.06929511576890945,0.053718455135822296,0.05682985112071037,0.0673656165599823,0.06915440410375595,0.07456251978874207,0.07466480880975723,0.08184591680765152,0.06265530735254288
X15,0.06265804171562195,0.0703786313533783,0.0670253187417984,0.06460830569267273,0.06037314981222153,0.06645745784044266,0.06812503188848495,0.07668697834014893,0.06623496115207672,0.06598488241434097,0.05714084208011627,0.07048378884792328,0.06386234611272812,0.05663640797138214,0.07285306602716446,0.07152429223060608,0.06438662856817245,0.06423880904912949,0.06174701079726219,0.07161841541528702,0.06754040718078613,0.06278061121702194,0.05798129737377167,0.06849820166826248,0.06838628649711609,0.07448749244213104,0.07567517459392548,0.07599005103111267,0.07887209206819534,0.0662473514676094,0.071538046002388,0.06497187167406082,0.06521935015916824,0.0579022541642189,0.07628261297941208,0.06993301957845688,0.07475956529378891,0.07241670042276382,0.062082208693027496,0.0615723580121994,0.06631091982126236,0.058001525700092316,0.072425477206707,0.0755351260304451,0.06962829828262329,0.060823410749435425,0.07498452812433243,0.06045534089207649,0.07614154368638992,0.060410983860492706,0.06745681911706924,0.06560441106557846,0.06457512080669403,0.0628737136721611,0.07068546116352081,0.05812596529722214,0.06574096530675888,0.07075801491737366,0.07290814071893692,0.07015632092952728,0.06277894973754883,0.07146963477134705,0.06754419207572937,0.06861524283885956
X16,0.07813233882188797,0.06775131076574326,0.07399525493383408,0.07210827618837357,0.07410401850938797,0.07598310708999634,0.06685697287321091,0.0606631264090538,0.06714391708374023,0.0700167790055275,0.05533518269658089,0.06572335958480835,0.06539858132600784,0.06907336413860321,0.06087329238653183,0.06526067852973938,0.07243392616510391,0.051648106426000595,0.07829658687114716,0.07052750885486603,0.07301962375640869,0.0666155219078064,0.06674856692552567,0.06737110763788223,0.0664040818810463,0.07054662704467773,0.07075048983097076,0.06217231601476669,0.06901533901691437,0.06321373581886292,0.06831350922584534,0.05794953554868698,0.05602873116731644,0.06003298982977867,0.0678420439362526,0.052779801189899445,0.061651457101106644,0.06835418939590454,0.053122736513614655,0.07887574285268784,0.07901715487241745,0.059422604739665985,0.06726469099521637,0.07868380844593048,0.07411663234233856,0.07565943896770477,0.07414601743221283,0.062429193407297134,0.05978206545114517,0.07456178218126297,0.07810007035732269,0.0626121461391449,0.06675287336111069,0.08227454125881195,0.07325737178325653,0.07685994356870651,0.06629059463739395,0.053176864981651306,0.0648975670337677,0.07062985002994537,0.0569552443921566,0.06836754828691483,0.08034831285476685,0.06297779083251953
X17,0.06405669450759888,0.06503608077764511,0.06896593421697617,0.07076887786388397,0.06655372679233551,0.07273228466510773,0.06527362018823624,0.06505883485078812,0.06768985837697983,0.07420259714126587,0.06312602013349533,0.057382531464099884,0.07041770964860916,0.07665805518627167,0.06441760808229446,0.05767078325152397,0.061099983751773834,0.05753124877810478,0.07490076869726181,0.05625546723604202,0.06486617028713226,0.06450369954109192,0.06203233450651169,0.08290380239486694,0.06429564207792282,0.08122368156909943,0.06811005622148514,0.06176076829433441,0.07602816820144653,0.054429199546575546,0.07621996849775314,0.06632986664772034,0.0736074298620224,0.06914249062538147,0.06530994176864624,0.06136680394411087,0.0589175783097744,0.07690762728452682,0.06266248971223831,0.06349898874759674,0.05922967940568924,0.07856092602014542,0.0752040222287178,0.06445679813623428,0.05369887501001358,0.06995834410190582,0.06955167651176453,0.0656617134809494,0.06022369861602783,0.06276428699493408,0.05477989464998245,0.061536893248558044,0.07478084415197372,0.07892860472202301,0.07347746938467026,0.0763775035738945,0.07352759689092636,0.06852775067090988,0.06741903722286224,0.058591678738594055,0.06350468844175339,0.0738961324095726,0.0668441578745842,0.06139789894223213
X18,0.06001541018486023,0.07600455731153488,0.06823618710041046,0.0547868013381958,0.06919185072183609,0.07757293432950974,0.06667383760213852,0.08187725394964218,0.04984600096940994,0.06795256584882736,0.0696554109454155,0.06992100179195404,0.06874443590641022,0.057777803391218185,0.06058317795395851,0.07528260350227356,0.06516812741756439,0.04995351657271385,0.07037750631570816,0.07110916823148727,0.08218838274478912,0.06487995386123657,0.07766520977020264,0.07256238907575607,0.07246141135692596,0.06204663962125778,0.06749051809310913,0.06323317438364029,0.07026226818561554,0.06251270323991776,0.06556657701730728,0.06983667612075806,0.07274147123098373,0.0693357065320015,0.06874570995569229,0.07237175852060318,0.07025764137506485,0.07615074515342712,0.06169598922133446,0.07161875814199448,0.08597768843173981,0.06647201627492905,0.05985875055193901,0.0675685703754425,0.0599847249686718,0.07091603428125381,0.06689690798521042,0.06572462618350983,0.0694740042090416,0.0756767988204956,0.06639999896287918,0.06153068318963051,0.06953975558280945,0.07056251168251038,0.06382972747087479,0.06674892455339432,0.058775994926691055,0.06303159892559052,0.06788711994886398,0.0754711925983429,0.055771857500076294,0.06744880229234695,0.06023383140563965,0.05648017302155495
X19,0.04838460683822632,0.064081110060215,0.058226507157087326,0.07265834510326385,0.06890077143907547,0.07051295042037964,0.08243647962808609,0.06332838535308838,0.077338308095932,0.06521014869213104,0.08044137805700302,0.08585182577371597,0.057664655148983,0.07207999378442764,0.0707322359085083,0.062172092497348785,0.06911330670118332,0.06952684372663498,0.07131819427013397,0.06621039658784866,0.07517864555120468,0.06803496927022934,0.07037011533975601,0.06946559250354767,0.0686865746974945,0.05841246619820595,0.06499733775854111,0.07815651595592499,0.07595725357532501,0.06785798817873001,0.06994516402482986,0.07011421769857407,0.07501238584518433,0.07016775012016296,0.07256604731082916,0.06105884909629822,0.06352122128009796,0.05644742026925087,0.0593668557703495,0.05211619287729263,0.06778258085250854,0.057700060307979584,0.06961432844400406,0.06692332774400711,0.064551942050457,0.07007268071174622,0.07609343528747559,0.055261436849832535,0.0558096319437027,0.06631015986204147,0.06492289900779724,0.06761559844017029,0.06203337386250496,0.06698476523160934,0.06526258587837219,0.05552881211042404,0.06623092293739319,0.06780761480331421,0.058642055839300156,0.06807781010866165,0.06863204389810562,0.07787658274173737,0.07408104091882706,0.07029935717582703
X20,0.05583474412560463,0.077750563621521,0.06339287012815475,0.08182497322559357,0.07680243253707886,0.06335203349590302,0.06833621859550476,0.06767027825117111,0.06982739269733429,0.06127864122390747,0.08027704060077667,0.06781770288944244,0.0741884857416153,0.0619109682738781,0.07666821032762527,0.06326165050268173,0.06232861056923866,0.06276887655258179,0.06616649776697159,0.060385432094335556,0.0690092071890831,0.07621631026268005,0.07213673740625381,0.07365560531616211,0.06744245439767838,0.07167557626962662,0.06049269810318947,0.07280445098876953,0.06920318305492401,0.0711391419172287,0.08361103385686874,0.06342031061649323,0.07471709698438644,0.06418445706367493,0.05452940985560417,0.06606366485357285,0.06408959627151489,0.0682152509689331,0.05536457151174545,0.07304862141609192,0.06787369400262833,0.06443243473768234,0.0717853233218193,0.06629882007837296,0.05937761440873146,0.06490947306156158,0.07058580219745636,0.0732324868440628,0.0665954127907753,0.0731615498661995,0.07290962338447571,0.05786122381687164,0.06961500644683838,0.0735819935798645,0.07481614500284195,0.0784522071480751,0.07887377589941025,0.06951525807380676,0.061479415744543076,0.05632108077406883,0.07044555246829987,0.06476081162691116,0.06539787352085114,0.08826591819524765
X21,0.06131351366639137,0.06823936849832535,0.06719601899385452,0.07051494717597961,0.06981171667575836,0.07324489951133728,0.06409299373626709,0.06693628430366516,0.08014967292547226,0.08352615684270859,0.08200264722108841,0.07317490130662918,0.07730448246002197,0.0828169509768486,0.07694543898105621,0.07207456976175308,0.07863114774227142,0.0653609186410904,0.06463298201560974,0.07037390023469925,0.0717644989490509,0.05550132319331169,0.06589149683713913,0.06770551949739456,0.06544380635023117,0.056611690670251846,0.06719688326120377,0.0738484188914299,0.07085336744785309,0.06740528345108032,0.057994596660137177,0.0730685219168663,0.07613954693078995,0.06262068450450897,0.05768289417028427,0.07174333930015564,0.079511858522892,0.07037866860628128,0.06160625070333481,0.06180218607187271,0.059588201344013214,0.054032016545534134,0.07771558314561844,0.06919306516647339,0.06341832131147385,0.07791387289762497,0.07590454816818237,0.05622393637895584,0.07195718586444855,0.05888325348496437,0.06911326944828033,0.0734778493642807,0.07064933329820633,0.07644323259592056,0.06874082237482071,0.05960305035114288,0.06872819364070892,0.07976613938808441,0.05610780045390129,0.06455900520086288,0.07455712556838989,0.07799743115901947,0.08030698448419571,0.07594798505306244
X22,0.07842496782541275,0.07158901542425156,0.05739406496286392,0.07097695022821426,0.06585200875997543,0.058759063482284546,0.06401995569467545,0.07855670899152756,0.06812577694654465,0.07493101060390472,0.06380268186330795,0.0649941936135292,0.05397983640432358,0.07421243190765381,0.06376044452190399,0.07950975000858307,0.07256121188402176,0.08014757931232452,0.06799019873142242,0.07662004232406616,0.06680694967508316,0.06911228597164154,0.05993487685918808,0.0771472379565239,0.057775337249040604,0.06248387321829796,0.07408267259597778,0.06445622444152832,0.07384897023439407,0.06850329786539078,0.06685711443424225,0.07092404365539551,0.07230688631534576,0.06343729794025421,0.0645572766661644,0.06953611224889755,0.07955145835876465,0.07996156066656113,0.06954788416624069,0.06949491053819656,0.0749564915895462,0.06482595950365067,0.0707588717341423,0.052210576832294464,0.0663028359413147,0.06537240743637085,0.06823738664388657,0.06980250775814056,0.06257212907075882,0.062044791877269745,0.060123514384031296,0.06203184276819229,0.06361781060695648,0.07449305057525635,0.07148279994726181,0.06730356067419052,0.06096369028091431,0.07647416740655899,0.06357259303331375,0.07838299870491028,0.07082953304052353,0.07084865123033524,0.06729861348867416,0.074102483689785
X23,0.055922579020261765,0.055521391332149506,0.07259367406368256,0.07181369513273239,0.06174175813794136,0.06135115027427673,0.06572943925857544,0.0686102956533432,0.07403437048196793,0.07296346127986908,0.07518721371889114,0.06634411215782166,0.06318184733390808,0.061884909868240356,0.07344931364059448,0.0743548721075058,0.06956907361745834,0.059426888823509216,0.06854147464036942,0.07585643976926804,0.05983612313866615,0.07050283253192902,0.07693853229284286,0.07076911628246307,0.06631200760602951,0.061955757439136505,0.060221053659915924,0.05410844460129738,0.07076480239629745,0.0691550225019455,0.06580639630556107,0.07714975625276566,0.06512181460857391,0.06893745809793472,0.07768231630325317,0.07064680755138397,0.06433164328336716,0.06535685807466507,0.0752527117729187,0.0714331865310669,0.06677133589982986,0.06318581849336624,0.0689401626586914,0.07129034399986267,0.06840047240257263,0.08184388279914856,0.05368729308247566,0.07320105284452438,0.06314245611429214,0.08026430755853653,0.06835732609033585,0.07537326961755753,0.07024620473384857,0.058272238820791245,0.07566585391759872,0.06661083549261093,0.06771289557218552,0.06948724389076233,0.06878895312547684,0.06159234419465065,0.06920444965362549,0.0735362097620964,0.06831035017967224,0.07714087516069412
X24,0.06617044657468796,0.073783278465271,0.06771891564130783,0.07873150706291199,0.07290039211511612,0.0674847811460495,0.06487934291362762,0.06676924973726273,0.07413005828857422,0.07424413412809372,0.06994760781526566,0.07231991738080978,0.07166941463947296,0.07031730562448502,0.07438597828149796,0.05346562713384628,0.06733628362417221,0.07288599014282227,0.07084211707115173,0.0648464635014534,0.07325125485658646,0.05907410383224487,0.06572442501783371,0.0719062015414238,0.05555005744099617,0.08048268407583237,0.07607140392065048,0.06640049070119858,0.0727224349975586,0.06421931833028793,0.061968058347702026,0.06045864149928093,0.06062280014157295,0.07485224306583405,0.07008667290210724,0.08238375186920166,0.06395780295133591,0.06580411642789841,0.0713355541229248,0.06332377344369888,0.05694059282541275,0.07249399274587631,0.06286018341779709,0.08565142005681992,0.07329945266246796,0.07395212352275848,0.05912385880947113,0.07190445065498352,0.060966506600379944,0.06996356695890427,0.071571946144104,0.058898694813251495,0.07297638058662415,0.06586693227291107,0.06485731899738312,0.06374172121286392,0.06504403799772263,0.06619302183389664,0.06784141063690186,0.054223913699388504,0.06788725405931473,0.05804719030857086,0.06848567724227905,0.07623749226331711
X25,0.06273087859153748,0.06035584211349487,0.0647142305970192,0.06023535504937172,0.06419484317302704,0.06520694494247437,0.06416185200214386,0.07193885743618011,0.06865108758211136,0.06778181344270706,0.05872274562716484,0.0582868792116642,0.07323984801769257,0.05687479302287102,0.0690586194396019,0.07476548850536346,0.06893086433410645,0.07218819111585617,0.07238749414682388,0.06811431050300598,0.0694417878985405,0.07190510630607605,0.07394199073314667,0.06232647970318794,0.07115691900253296,0.06275404989719391,0.07143133133649826,0.0652855932712555,0.07282144576311111,0.06262163072824478,0.07335828989744186,0.07525104284286499,0.06568576395511627,0.06276398152112961,0.06037314981222153,0.07433059066534042,0.06572037190198898,0.06711778044700623,0.07506757229566574,0.060521986335515976,0.07461301237344742,0.05514395982027054,0.0636163130402565,0.06624961644411087,0.07345794886350632,0.052118752151727676,0.08845195174217224,0.0732634961605072,0.06225251406431198,0.0832376703619957,0.06681758910417557,0.07720202207565308,0.07038369029760361,0.06525962054729462,0.06140594556927681,0.06049373745918274,0.06191538646817207,0.08010174334049225,0.06530702859163284,0.0820489376783371,0.05336623638868332,0.07391467690467834,0.060727111995220184,0.06817863881587982
X26,0.06546285003423691,0.06937327235937119,0.07420973479747772,0.060388583689928055,0.07193074375391006,0.07707854360342026,0.06865447014570236,0.06836480647325516,0.06887002289295197,0.06833595037460327,0.06418716907501221,0.06459882110357285,0.07765717804431915,0.07283853739500046,0.0739540308713913,0.05911498889327049,0.06236114725470543,0.059767477214336395,0.06942711025476456,0.07698492705821991,0.06800884753465652,0.07193775475025177,0.06601832807064056,0.06237541884183884,0.07479853928089142,0.07970301806926727,0.0738653689622879,0.06861364841461182,0.06514418125152588,0.07392815500497818,0.06373826414346695,0.06310956925153732,0.07156632095575333,0.0694311186671257,0.08059223741292953,0.06762736290693283,0.07806103676557541,0.06866881251335144,0.0668359026312828,0.06606177240610123,0.07570406794548035,0.08016382157802582,0.061082370579242706,0.0703403577208519,0.0695948675274849,0.06751444935798645,0.07576709240674973,0.07006047666072845,0.06411020457744598,0.07085465639829636,0.0591137558221817,0.07423695176839828,0.06317009776830673,0.06828627735376358,0.07216863334178925,0.07506965100765228,0.06844512373209,0.06284450739622116,0.07260049134492874,0.0660577341914177,0.06837118417024612,0.06558917462825775,0.07270439714193344,0.07578913867473602
X27,0.0602925568819046,0.07423306256532669,0.06113855913281441,0.06694045662879944,0.06906560808420181,0.06535947322845459,0.06857632845640182,0.07288923114538193,0.06587347388267517,0.07029567658901215,0.06422405689954758,0.06107693538069725,0.06566870212554932,0.06802809238433838,0.06452826410531998,0.0749889686703682,0.0740467831492424,0.05958811938762665,0.06296482682228088,0.06313230842351913,0.06404799222946167,0.07459796220064163,0.0674939826130867,0.06659183651208878,0.06783153116703033,0.0651974231004715,0.06540736556053162,0.0649440586566925,0.06736037135124207,0.05800909921526909,0.07418112456798553,0.06115047633647919,0.0640370175242424,0.07126173377037048,0.058457087725400925,0.06426487863063812,0.08531074225902557,0.06913053244352341,0.06428386270999908,0.06218665838241577,0.07000591605901718,0.0632069781422615,0.0639931708574295,0.060759227722883224,0.05664341151714325,0.06805970519781113,0.07439941167831421,0.06809882819652557,0.05211566388607025,0.06678656488656998,0.06657598912715912,0.06622318923473358,0.07085829228162766,0.056451987475156784,0.0657535269856453,0.08170831203460693,0.06094030290842056,0.0758652538061142,0.06240476667881012,0.07015299797058105,0.06210605055093765,0.08004045486450195,0.06665090471506119,0.06357135623693466
X28,0.06219545379281044,0.07614630460739136,0.06586632877588272,0.0789402425289154,0.07619500160217285,0.06831362098455429,0.0589183010160923,0.06838405877351761,0.06936302781105042,0.0675545409321785,0.06511718779802322,0.06399897485971451,0.07040919363498688,0.0681174173951149,0.06807733327150345,0.06320919841527939,0.06000015512108803,0.07135267555713654,0.07068780809640884,0.0682385265827179,0.06825465708971024,0.0590546652674675,0.0688992366194725,0.05893958359956741,0.07325673848390579,0.07143233716487885,0.06919677555561066,0.0682407096028328,0.07353749871253967,0.06747181713581085,0.07249878346920013,0.07590650767087936,0.07044103741645813,0.06109398230910301,0.050031572580337524,0.07544940710067749,0.06750533729791641,0.07243978977203369,0.07617666572332382,0.060277678072452545,0.06569303572177887,0.06438249349594116,0.06433206051588058,0.06741975247859955,0.08373736590147018,0.07061145454645157,0.06339875608682632,0.07587231695652008,0.062200430780649185,0.07748198509216309,0.06435389071702957,0.08177337050437927,0.0651656836271286,0.06314358860254288,0.07439877837896347,0.07518412917852402,0.06728655844926834,0.07023558765649796,0.0657908171415329,0.06899885833263397,0.07603156566619873,0.06613146513700485,0.06771382689476013,0.057931605726480484
X29,0.06224871799349785,0.07738158106803894,0.07966677844524384,0.060459204018116,0.0650472566485405,0.07739049941301346,0.0851825401186943,0.0706033855676651,0.06231687217950821,0.062457770109176636,0.08374452590942383,0.06478524953126907,0.06760480254888535,0.06634864211082458,0.061044055968523026,0.05524003878235817,0.0733799934387207,0.05739417299628258,0.057594723999500275,0.06334182620048523,0.0729859471321106,0.0640651136636734,0.06745399534702301,0.06676286458969116,0.06728123873472214,0.06543141603469849,0.08072691410779953,0.07667970657348633,0.0842086523771286,0.06574746966362,0.08131103217601776,0.08231057226657867,0.0686287060379982,0.056590449064970016,0.07691770046949387,0.06987079977989197,0.07305778563022614,0.07201573252677917,0.06770747154951096,0.06752338260412216,0.07403954863548279,0.06487801671028137,0.06449093669652939,0.07660304754972458,0.05453005060553551,0.05220874026417732,0.06909091025590897,0.06990721076726913,0.07138343900442123,0.07673552632331848,0.07489622384309769,0.06674887239933014,0.07073906064033508,0.05499636381864548,0.07236886024475098,0.07723071426153183,0.07699918746948242,0.06263704597949982,0.06241747364401817,0.07915137708187103,0.06114238128066063,0.05833571031689644,0.06828547269105911,0.06801807880401611
X30,0.06402641534805298,0.0652904063463211,0.06492510437965393,0.07533752918243408,0.07035507261753082,0.07303572446107864,0.060116663575172424,0.07073716074228287,0.07437308132648468,0.0811220332980156,0.0784384161233902,0.07542861998081207,0.05424810200929642,0.06768761575222015,0.07437392324209213,0.06441587954759598,0.07716943323612213,0.0669032409787178,0.06828241050243378,0.07294868677854538,0.05597637593746185,0.06886114180088043,0.06004393473267555,0.07268363982439041,0.07356167584657669,0.0730772390961647,0.06123457849025726,0.07125863432884216,0.0718885213136673,0.06059348210692406,0.08042372763156891,0.07389900833368301,0.05716119706630707,0.06643727421760559,0.07115349173545837,0.061626140028238297,0.06661558896303177,0.07040999829769135,0.061087727546691895,0.06631287187337875,0.06324346363544464,0.05990767106413841,0.0646979808807373,0.0670580044388771,0.07365347445011139,0.07193750888109207,0.06690095365047455,0.07094361633062363,0.049159884452819824,0.07512090355157852,0.0726337656378746,0.07047863304615021,0.05477990210056305,0.06032675504684448,0.0701475515961647,0.053496651351451874,0.06680072098970413,0.07389671355485916,0.06581010669469833,0.07136587053537369,0.06434567272663116,0.0621681772172451,0.06599490344524384,0.06471191346645355
X31,0.06602336466312408,0.07201635092496872,0.06701915711164474,0.06610270589590073,0.06494063138961792,0.0737912729382515,0.06275469064712524,0.06894418597221375,0.06301998347043991,0.07362198829650879,0.06672357022762299,0.06462422758340836,0.07394225895404816,0.07096511125564575,0.07498645037412643,0.061643946915864944,0.054637469351291656,0.07053153961896896,0.06163033843040466,0.06437411159276962,0.06455544382333755,0.07517583668231964,0.06864823400974274,0.05621061474084854,0.08070173114538193,0.07743307948112488,0.07148359715938568,0.06589255481958389,0.07379253953695297,0.07022344321012497,0.07250062376260757,0.0624234564602375,0.07892990857362747,0.06757134944200516,0.07057423889636993,0.07652675360441208,0.0702127069234848,0.07278289645910263,0.06272562593221664,0.06043052673339844,0.05934222787618637,0.08357524871826172,0.06779897958040237,0.07717794179916382,0.08147197216749191,0.06170765683054924,0.06823403388261795,0.06738628447055817,0.06781085580587387,0.06821329891681671,0.07116673141717911,0.06599284708499908,0.06616532057523727,0.07910483330488205,0.06970468163490295,0.07203635573387146,0.0713493749499321,0.06940559297800064,0.06404395401477814,0.0722152516245842,0.06893680989742279,0.06153709068894386,0.06205765902996063,0.09497642517089844
X32,0.05169422924518585,0.062041204422712326,0.05264993757009506,0.060644518584012985,0.06877462565898895,0.07525607943534851,0.07051575928926468,0.05733000487089157,0.05765023082494736,0.06383796781301498,0.07329950481653214,0.05650503560900688,0.06024822220206261,0.06852532923221588,0.08227305114269257,0.06256482750177383,0.05783633887767792,0.06285078823566437,0.07548157125711441,0.08157798647880554,0.07534311711788177,0.07980445772409439,0.06995035707950592,0.06940930336713791,0.061604876071214676,0.0698866993188858,0.07153492420911789,0.06317795068025589,0.07080341875553131,0.06870848685503006,0.07545437663793564,0.06476879119873047,0.06827729195356369,0.06674765795469284,0.05310741066932678,0.06522759050130844,0.06296676397323608,0.06602387875318527,0.06596805155277252,0.0699167251586914,0.06287398934364319,0.06719471514225006,0.06800603121519089,0.07089485973119736,0.07782208174467087,0.06772498786449432,0.07396917045116425,0.06408087909221649,0.07159192115068436,0.06537756323814392,0.06773404031991959,0.07112357020378113,0.0668177530169487,0.06507235765457153,0.07669273763895035,0.05660207197070122,0.06923025846481323,0.06172582879662514,0.07393753528594971,0.08069020509719849,0.06818205118179321,0.07652989029884338,0.06452485173940659,0.07855279743671417
X33,0.05663735792040825,0.06243443116545677,0.07767033576965332,0.07258773595094681,0.06577786058187485,0.0663379579782486,0.07223228365182877,0.07232102006673813,0.06637099385261536,0.07632578164339066,0.06506332755088806,0.061218708753585815,0.06721895933151245,0.07417474687099457,0.06945688277482986,0.07271433621644974,0.0749695897102356,0.07073944061994553,0.07607979327440262,0.06161810830235481,0.07596362382173538,0.06903785467147827,0.07456869632005692,0.06216573342680931,0.06921321153640747,0.07049135118722916,0.064180389046669,0.059530872851610184,0.06470318138599396,0.06500674784183502,0.07688121497631073,0.07390972971916199,0.0694182887673378,0.06426632404327393,0.06921489536762238,0.07247346639633179,0.06320647150278091,0.08109311759471893,0.07887168973684311,0.07183104753494263,0.05928793177008629,0.07473742216825485,0.05937008187174797,0.06764113157987595,0.07174676656723022,0.06318391859531403,0.07339523732662201,0.06648488342761993,0.06680440157651901,0.06567388027906418,0.0633569061756134,0.06613656878471375,0.05981007218360901,0.06610085070133209,0.06646499782800674,0.066587895154953,0.06670728325843811,0.07101993262767792,0.059742771089076996,0.0679546371102333,0.06305160373449326,0.07612938433885574,0.06784193962812424,0.07648579776287079
X34,0.07145319133996964,0.06705541908740997,0.06415107846260071,0.06900887191295624,0.06738556921482086,0.06167422980070114,0.056582123041152954,0.07088810950517654,0.08104687184095383,0.053333744406700134,0.059948068112134933,0.06410134583711624,0.07285553961992264,0.07340014725923538,0.07060467451810837,0.06295906752347946,0.07479685544967651,0.07571107894182205,0.07871716469526291,0.06527505815029144,0.07097809761762619,0.06747404485940933,0.059794291853904724,0.06467929482460022,0.06972057372331619,0.077487051486969,0.06247253343462944,0.08099536597728729,0.07264506071805954,0.06071971729397774,0.06230328604578972,0.0730062946677208,0.07804358005523682,0.06219152361154556,0.0593126118183136,0.0786072164773941,0.06317955255508423,0.0656365156173706,0.06741071492433548,0.06304299086332321,0.06311500072479248,0.07593879103660583,0.07681018859148026,0.0734725296497345,0.06706400215625763,0.06603546440601349,0.0671272873878479,0.057660385966300964,0.06155187636613846,0.08004293590784073,0.06820273399353027,0.06261253356933594,0.07171527296304703,0.06482413411140442,0.07571665197610855,0.06023357808589935,0.06572940945625305,0.08171569555997849,0.06871141493320465,0.0645546019077301,0.07622674852609634,0.06438218802213669,0.07287440448999405,0.0644102692604065
X35,0.06435680389404297,0.06999507546424866,0.05869162455201149,0.07139074057340622,0.0713839903473854,0.05522189661860466,0.05519963800907135,0.057592473924160004,0.07198707014322281,0.06376338750123978,0.07814866304397583,0.07188389450311661,0.06503155827522278,0.05832340568304062,0.06360141187906265,0.07780541479587555,0.07410376518964767,0.0751664862036705,0.07391379773616791,0.06484653055667877,0.07082001119852066,0.06627030670642853,0.06922022998332977,0.06133808195590973,0.05824216455221176,0.07564356923103333,0.06928729265928268,0.0706745982170105,0.06830260902643204,0.05872917175292969,0.056547269225120544,0.06529376655817032,0.06520959734916687,0.0694822371006012,0.08714072406291962,0.07653611153364182,0.06644350290298462,0.0643337145447731,0.06481823325157166,0.062407903373241425,0.06469326466321945,0.07126706838607788,0.07720182836055756,0.07226751744747162,0.06648413091897964,0.062441784888505936,0.06693686544895172,0.057807743549346924,0.06911660730838776,0.06432528793811798,0.06401581317186356,0.06308065354824066,0.07947073876857758,0.0554104819893837,0.07110589742660522,0.06850078701972961,0.07229774445295334,0.07244785130023956,0.06278812140226364,0.06655952334403992,0.05702000483870506,0.06604015827178955,0.052200064063072205,0.07633332908153534
X36,0.07092144340276718,0.07211931049823761,0.06744290888309479,0.07028579711914062,0.07089205086231232,0.06214701011776924,0.06882965564727783,0.05997404456138611,0.07227227836847305,0.05873061716556549,0.08372540771961212,0.06391986459493637,0.06172835826873779,0.06377176195383072,0.06925530731678009,0.06805839389562607,0.0801798552274704,0.07378296554088593,0.05941997095942497,0.07107032835483551,0.06399594992399216,0.0738176554441452,0.06293878704309464,0.05903862044215202,0.06836100667715073,0.07142682373523712,0.07190942019224167,0.05900004133582115,0.07148399949073792,0.06554850935935974,0.05345938354730606,0.07153690606355667,0.07325337827205658,0.06341080367565155,0.07183996587991714,0.06021546944975853,0.08812021464109421,0.07406821846961975,0.0663415789604187,0.06332960724830627,0.06650029122829437,0.07539502531290054,0.07312919944524765,0.052361711859703064,0.0657072365283966,0.07794567942619324,0.07011403888463974,0.06361063569784164,0.06716630607843399,0.06529440730810165,0.0667412281036377,0.06708194315433502,0.06818372756242752,0.06808257848024368,0.06644956022500992,0.06655571609735489,0.06686931848526001,0.06405401974916458,0.07515715807676315,0.05069395527243614,0.0679699257016182,0.05824649706482887,0.065768763422966,0.06603647768497467
X37,0.06440889090299606,0.06958147883415222,0.07235221564769745,0.06969008594751358,0.06399691104888916,0.0704239010810852,0.07525358349084854,0.07476671785116196,0.061724405735731125,0.07118677347898483,0.07182876020669937,0.06071744114160538,0.06814689189195633,0.07214238494634628,0.06913872808218002,0.06665647774934769,0.06206437200307846,0.07538647949695587,0.0713307186961174,0.05328882858157158,0.07627032697200775,0.07407128810882568,0.06502671539783478,0.071029894053936,0.06564490497112274,0.06746026873588562,0.04991545155644417,0.07782011479139328,0.07224749028682709,0.07354079931974411,0.06452200561761856,0.06508126854896545,0.06199011951684952,0.07921013981103897,0.06097088009119034,0.07541968673467636,0.05551878362894058,0.07139918208122253,0.07094090431928635,0.069982148706913,0.07401644438505173,0.055502306669950485,0.06457444280385971,0.07144926488399506,0.06156184524297714,0.07335590571165085,0.061594974249601364,0.07503709197044373,0.07247219234704971,0.0614946074783802,0.06841639429330826,0.06196419149637222,0.07538712024688721,0.07306662201881409,0.06484831869602203,0.07068686932325363,0.08711835741996765,0.07424520701169968,0.06693214923143387,0.07842961698770523,0.07240679860115051,0.07841859757900238,0.07026578485965729,0.06894304603338242
X38,0.05667867138981819,0.054228004068136215,0.08451239764690399,0.06084040179848671,0.07442762702703476,0.07288637012243271,0.06585365533828735,0.07578322291374207,0.07064066082239151,0.06470440328121185,0.07535918056964874,0.07386083155870438,0.07204265892505646,0.056819118559360504,0.06509227305650711,0.07385177165269852,0.0669097825884819,0.06526350229978561,0.06194300577044487,0.0676964521408081,0.06330066919326782,0.07338035106658936,0.054394230246543884,0.06794124096632004,0.05709255859255791,0.05770663172006607,0.06216317042708397,0.05822751298546791,0.06410964578390121,0.05839066579937935,0.06269737333059311,0.06973592936992645,0.06862255930900574,0.07596106827259064,0.06839995831251144,0.06657146662473679,0.07530641555786133,0.07089698314666748,0.06978975236415863,0.06327483057975769,0.06086988002061844,0.05856997147202492,0.06773588061332703,0.06747468560934067,0.06892168521881104,0.06935755908489227,0.0875457301735878,0.0705985277891159,0.07380258291959763,0.0648983046412468,0.06787109375,0.07129964232444763,0.06907283514738083,0.06437049806118011,0.07058414071798325,0.07431820780038834,0.06506272405385971,0.07138348370790482,0.06707096099853516,0.0740056112408638,0.07296152412891388,0.07305287569761276,0.07469166815280914,0.07073269784450531
X39,0.07178003340959549,0.06538919359445572,0.06966215372085571,0.06765361875295639,0.05981117859482765,0.06924552470445633,0.06355806440114975,0.07479652017354965,0.06674578040838242,0.0718001127243042,0.06966659426689148,0.06395447254180908,0.07350123673677444,0.06969106942415237,0.0550241582095623,0.05298357829451561,0.07894537597894669,0.05896807089447975,0.06611935794353485,0.057353612035512924,0.058029431849718094,0.06837226450443268,0.07511815428733826,0.07293505221605301,0.0707724317908287,0.06351063400506973,0.07532750070095062,0.06845704466104507,0.06318235397338867,0.05518820136785507,0.07677328586578369,0.05548977851867676,0.07489554584026337,0.0816357433795929,0.07538258284330368,0.06273796409368515,0.07027959078550339,0.059873826801776886,0.06816151738166809,0.06659979373216629,0.06743951141834259,0.07472527027130127,0.06950263679027557,0.06648442894220352,0.07756061851978302,0.05993080511689186,0.07404077798128128,0.06825082004070282,0.08322913944721222,0.08048002421855927,0.0679057314991951,0.06423424184322357,0.07929088920354843,0.07212149351835251,0.0816594734787941,0.07241293042898178,0.061739299446344376,0.07340095192193985,0.048214104026556015,0.08180272579193115,0.06921690702438354,0.06987776607275009,0.059721119701862335,0.06224982813000679
X40,0.07045602053403854,0.05451589450240135,0.06743884086608887,0.05318957939743996,0.07679196447134018,0.061708033084869385,0.06627830862998962,0.07224615663290024,0.07070591300725937,0.07323544472455978,0.06543776392936707,0.06538455188274384,0.06472480297088623,0.065140500664711,0.05263972282409668,0.07288458943367004,0.07224385440349579,0.06417027860879898,0.07120366394519806,0.07213643193244934,0.07887028902769089,0.08479373157024384,0.07988689094781876,0.07154609262943268,0.06490421295166016,0.06955306231975555,0.06823069602251053,0.07502049207687378,0.06828728318214417,0.06839484721422195,0.05968198552727699,0.06221086531877518,0.06616006046533585,0.07245271652936935,0.06195149943232536,0.0645008236169815,0.06531200557947159,0.06848233193159103,0.06953047960996628,0.061635810881853104,0.07528595626354218,0.07077048718929291,0.059636421501636505,0.0643172413110733,0.0616905651986599,0.07194549590349197,0.07761121541261673,0.07174775749444962,0.0710901990532875,0.071702741086483,0.06623700261116028,0.07245583087205887,0.058619651943445206,0.08095601201057434,0.0720796287059784,0.06318000704050064,0.06029025837779045,0.07815636694431305,0.059309378266334534,0.07007740437984467,0.08067432790994644,0.07366079837083817,0.06862666457891464,0.06146175041794777
X41,0.06964878737926483,0.06801333278417587,0.06307169049978256,0.06080634146928787,0.06719092279672623,0.076508067548275,0.06170949339866638,0.05591350793838501,0.08005464822053909,0.07550732046365738,0.07264091074466705,0.06053825467824936,0.048427022993564606,0.06556273251771927,0.06576154381036758,0.09334641695022583,0.06779079884290695,0.07692843675613403,0.07545232772827148,0.07136742025613785,0.07298790663480759,0.06019481644034386,0.06578372418880463,0.06660813838243484,0.07149051874876022,0.06678199768066406,0.07386678457260132,0.06890790164470673,0.05898096039891243,0.07666128873825073,0.06347592175006866,0.06997153908014297,0.06587620079517365,0.07892599701881409,0.069556325674057,0.0669020414352417,0.08270590752363205,0.07980191707611084,0.07144328951835632,0.07503575831651688,0.06208597496151924,0.05348183959722519,0.06677740067243576,0.07043330371379852,0.08302047103643417,0.0785861387848854,0.06509111076593399,0.056118644773960114,0.07009430229663849,0.07016897201538086,0.0709076002240181,0.07713370025157928,0.061362966895103455,0.06647012382745743,0.0647244080901146,0.07230658829212189,0.06600251793861389,0.0614933967590332,0.07002244889736176,0.06293150782585144,0.05896497145295143,0.06666458398103714,0.06897693127393723,0.06796135753393173
X43,0.06858844310045242,0.06317651271820068,0.08316846191883087,0.06636139005422592,0.072475865483284,0.07516715675592422,0.07639134675264359,0.06490861624479294,0.06902267783880234,0.07510782033205032,0.07793667912483215,0.07211259752511978,0.0630922019481659,0.059532374143600464,0.07093203812837601,0.07588133960962296,0.06918074190616608,0.06112112104892731,0.07783539593219757,0.0784095972776413,0.057324741035699844,0.05980420485138893,0.0570295974612236,0.07351046055555344,0.06630820035934448,0.0625104159116745,0.07854017615318298,0.05869466811418533,0.06556499749422073,0.06839107722043991,0.07892172038555145,0.07666264474391937,0.08417411893606186,0.05158095434308052,0.04936821758747101,0.06374666094779968,0.08131251484155655,0.06833428889513016,0.06343238800764084,0.06455027312040329,0.06799878925085068,0.08306431770324707,0.06438735127449036,0.05861740931868553,0.06537459045648575,0.07964886724948883,0.06507176160812378,0.06360574811697006,0.06878118216991425,0.07165037095546722,0.05713127553462982,0.072165846824646,0.06944055110216141,0.06905791163444519,0.06500335037708282,0.06342316418886185,0.06202063336968422,0.07142964005470276,0.060885198414325714,0.06715255230665207,0.08515861630439758,0.06739570200443268,0.0664396807551384,0.07424104958772659
X44,0.06631680577993393,0.06361383944749832,0.05885986611247063,0.07314490526914597,0.06287472695112228,0.07389310747385025,0.07092717289924622,0.06415751576423645,0.07100758701562881,0.07755979895591736,0.06866373866796494,0.0692436695098877,0.060915861278772354,0.06831367313861847,0.06761649996042252,0.06763782352209091,0.07028687745332718,0.05616697669029236,0.06941056251525879,0.06820966303348541,0.07137994468212128,0.07745475322008133,0.05903491750359535,0.08633377403020859,0.06241883337497711,0.06849713623523712,0.07155060023069382,0.07773970812559128,0.06320737302303314,0.05767979845404625,0.07108104974031448,0.07872975617647171,0.07100716233253479,0.06530247628688812,0.06548713892698288,0.07356187701225281,0.06667877733707428,0.061956364661455154,0.08012880384922028,0.06121598929166794,0.07413975894451141,0.06810443103313446,0.055397894233465195,0.06857802718877792,0.05958148092031479,0.07325926423072815,0.059782255440950394,0.07009948790073395,0.05320912227034569,0.07276104390621185,0.06507159769535065,0.06891266256570816,0.053445350378751755,0.06920114904642105,0.08307933062314987,0.0648479014635086,0.0714997872710228,0.07026758790016174,0.06502576917409897,0.08492501080036163,0.05835822969675064,0.07157076895236969,0.07270676642656326,0.0701390728354454
X45,0.06093049794435501,0.08589735627174377,0.07305432111024857,0.06054415926337242,0.07317663729190826,0.07470054179430008,0.07229822874069214,0.0679071694612503,0.07435952872037888,0.056877199560403824,0.07168710231781006,0.05728483200073242,0.0737844929099083,0.05621601268649101,0.068692147731781,0.05056799575686455,0.0700901672244072,0.06399118900299072,0.06456258147954941,0.06523715704679489,0.05242165923118591,0.07139512896537781,0.05983034521341324,0.06447210907936096,0.060901571065187454,0.06167544052004814,0.07260638475418091,0.06448414921760559,0.06590676307678223,0.07420206815004349,0.06558909267187119,0.06432780623435974,0.055401310324668884,0.06269954890012741,0.056859709322452545,0.058525554835796356,0.0633876696228981,0.07087205350399017,0.07016712427139282,0.074732705950737,0.053517408668994904,0.058239907026290894,0.07213892042636871,0.046514205634593964,0.06611872464418411,0.07258124649524689,0.07069472223520279,0.0608525387942791,0.0698409304022789,0.07693074643611908,0.06177832931280136,0.07013381272554398,0.06335613131523132,0.06697345525026321,0.069656141102314,0.06116829439997673,0.06955868005752563,0.061238374561071396,0.07349853962659836,0.055503156036138535,0.05792888253927231,0.07649628818035126,0.07654228806495667,0.06100599467754364
X47,0.06627877801656723,0.06827010214328766,0.07778661698102951,0.06360732018947601,0.05997205153107643,0.06492656469345093,0.07802218198776245,0.05989968776702881,0.06799247115850449,0.06223975121974945,0.07069962471723557,0.07218907028436661,0.06696951389312744,0.062207575887441635,0.07562709599733353,0.07357149571180344,0.06322532147169113,0.060356322675943375,0.05979534983634949,0.06591053307056427,0.06631489098072052,0.06870009750127792,0.0791182741522789,0.06330389529466629,0.0589233860373497,0.08497587591409683,0.063367560505867,0.06736286729574203,0.0629924014210701,0.06445270776748657,0.06520941853523254,0.06768134236335754,0.0662921890616417,0.07701878249645233,0.06185607612133026,0.07742342352867126,0.07535072416067123,0.06371970474720001,0.05713428929448128,0.0636175125837326,0.06405369192361832,0.07797086238861084,0.07587756216526031,0.07313726842403412,0.07116536051034927,0.056744787842035294,0.05348333343863487,0.07880300283432007,0.07875590026378632,0.07358027249574661,0.07330610603094101,0.06453854590654373,0.07242369651794434,0.0689459964632988,0.06032124161720276,0.06241865083575249,0.0676906555891037,0.06640201061964035,0.063347227871418,0.06568247079849243,0.06441497057676315,0.07224846631288528,0.07170107215642929,0.07690530270338058
X48,0.05968713015317917,0.057327430695295334,0.06798727065324783,0.058070678263902664,0.054134584963321686,0.07149720191955566,0.06262141466140747,0.06893105804920197,0.06626645475625992,0.06631595641374588,0.0806422233581543,0.06748030334711075,0.06326399743556976,0.08514302223920822,0.057884447276592255,0.07802800089120865,0.06552980840206146,0.06172244995832443,0.07254007458686829,0.06831680983304977,0.058777548372745514,0.06608458608388901,0.07025901973247528,0.059113290160894394,0.07501702010631561,0.06115678697824478,0.07017157226800919,0.08700277656316757,0.07009676098823547,0.06935122609138489,0.06892270594835281,0.060744836926460266,0.059785470366477966,0.05877753719687462,0.06896573305130005,0.06854887306690216,0.0678141862154007,0.06505700945854187,0.07359908521175385,0.07170797139406204,0.06518394500017166,0.0732870027422905,0.0625973492860794,0.06084568426012993,0.06765666604042053,0.07820183783769608,0.07924720644950867,0.07406918704509735,0.07604236900806427,0.05866994336247444,0.07444535195827484,0.06895701587200165,0.07290565222501755,0.06992007046937943,0.0816035345196724,0.06906504184007645,0.06694526970386505,0.05657663941383362,0.061656199395656586,0.0635298490524292,0.07210336625576019,0.06969276070594788,0.06873410940170288,0.06381552666425705
X49,0.05981730669736862,0.06354153901338577,0.06915245205163956,0.05280488729476929,0.06247594952583313,0.07157878577709198,0.06764702498912811,0.07303078472614288,0.05972880497574806,0.07561329007148743,0.06870463490486145,0.05291067436337471,0.06069280579686165,0.06639427691698074,0.07753711938858032,0.07506076991558075,0.07175184041261673,0.060474153608083725,0.0625525563955307,0.0631343349814415,0.060872241854667664,0.06534086912870407,0.052363552153110504,0.05904066190123558,0.06264461576938629,0.06147436425089836,0.07039576768875122,0.080362968146801,0.0663147047162056,0.06676087528467178,0.07479565590620041,0.06795462965965271,0.0619388222694397,0.06988082826137543,0.05527395009994507,0.05050654336810112,0.06393171101808548,0.054596975445747375,0.06818508356809616,0.07773742824792862,0.061253055930137634,0.064093679189682,0.06532113999128342,0.07317104190587997,0.07080238312482834,0.06308077275753021,0.06704898923635483,0.07212482392787933,0.06311791390180588,0.06959638744592667,0.07338046282529831,0.07516057044267654,0.06987734138965607,0.07390232384204865,0.07188648730516434,0.05014525353908539,0.08603637665510178,0.07318238168954849,0.08062739670276642,0.06139826029539108,0.062115009874105453,0.07165074348449707,0.08012770861387253,0.06556077301502228
X50,0.06971507519483566,0.0698137879371643,0.06777024269104004,0.0642598569393158,0.059967029839754105,0.06251034140586853,0.06587826460599899,0.06303156167268753,0.05388164892792702,0.07043499499559402,0.060413554310798645,0.0652729794383049,0.07530645281076431,0.06928300857543945,0.08396629989147186,0.062240228056907654,0.08150235563516617,0.06023729592561722,0.08467099070549011,0.06559381633996964,0.06424985080957413,0.06691330671310425,0.07425036281347275,0.06427624821662903,0.05480875074863434,0.06747298687696457,0.07361332327127457,0.0718589499592781,0.062211062759160995,0.059727177023887634,0.07509765774011612,0.06965313106775284,0.0702958032488823,0.0827312245965004,0.06612363457679749,0.0664563998579979,0.05687449872493744,0.05793004855513573,0.06768199056386948,0.07358544319868088,0.07895422726869583,0.07215932756662369,0.06952346116304398,0.0641011968255043,0.07174155861139297,0.07829327136278152,0.07162699103355408,0.06305577605962753,0.06797538697719574,0.07734709233045578,0.07255775481462479,0.06859279423952103,0.06172477826476097,0.0795101523399353,0.0667693018913269,0.07211601734161377,0.07349954545497894,0.0775710791349411,0.07146035879850388,0.058952316641807556,0.07067126780748367,0.07277736067771912,0.06553443521261215,0.07447025924921036
X51,0.048556722700595856,0.06631577014923096,0.06577783823013306,0.06039450317621231,0.06294544786214828,0.06631360203027725,0.062145523726940155,0.0710594579577446,0.06441421061754227,0.0764002576470375,0.06748634576797485,0.06387105584144592,0.07186775654554367,0.07995530962944031,0.06997957080602646,0.06923165172338486,0.05906081199645996,0.060000453144311905,0.06962991505861282,0.06815049797296524,0.062474463135004044,0.06986603885889053,0.07272692024707794,0.07852691411972046,0.05641120299696922,0.07074879109859467,0.07330160588026047,0.07462062686681747,0.06771755963563919,0.07384531199932098,0.06732054054737091,0.06672894954681396,0.054077550768852234,0.08188793808221817,0.0799260213971138,0.07225014269351959,0.07242320477962494,0.06101497635245323,0.06572515517473221,0.061637330800294876,0.07567085325717926,0.0669502392411232,0.0631585344672203,0.07110941410064697,0.06551109254360199,0.06149015575647354,0.06213226169347763,0.07499848306179047,0.06236924231052399,0.07734334468841553,0.05524663254618645,0.06005115434527397,0.06918038427829742,0.06253664940595627,0.06727799773216248,0.06341156363487244,0.052911426872015,0.06689111888408661,0.06444354355335236,0.06294979900121689,0.06698324531316757,0.060873642563819885,0.05393196642398834,0.06904097646474838
X52,0.06259265542030334,0.07780761271715164,0.06458313018083572,0.06813575327396393,0.06321084499359131,0.07520073652267456,0.06788984686136246,0.07913405448198318,0.07019864767789841,0.07722970098257065,0.07040607184171677,0.06096629053354263,0.07561508566141129,0.06792104244232178,0.07026411592960358,0.06413225084543228,0.048640187829732895,0.06028110906481743,0.06631653755903244,0.06099672615528107,0.06973004341125488,0.07091112434864044,0.06826946139335632,0.07584425061941147,0.07305985689163208,0.07571672648191452,0.07200697064399719,0.06067144125699997,0.06064888834953308,0.07977811992168427,0.06038708984851837,0.06581944972276688,0.06906405091285706,0.061032555997371674,0.07054717093706131,0.07603197544813156,0.07180192321538925,0.06815607100725174,0.08085454255342484,0.08456899970769882,0.07055173814296722,0.062252163887023926,0.07237336784601212,0.0626295655965805,0.06815306842327118,0.05964047834277153,0.06663981080055237,0.05708311125636101,0.06267610937356949,0.07019062340259552,0.06721992790699005,0.0673615112900734,0.06733481585979462,0.06054766848683357,0.06993944197893143,0.08161561191082001,0.06817934662103653,0.06554369628429413,0.06053502857685089,0.06371377408504486,0.06883056461811066,0.07472875714302063,0.06950999796390533,0.07356396317481995
X53,0.07338458299636841,0.07638708502054214,0.05502370372414589,0.06452205777168274,0.07067042589187622,0.07391506433486938,0.07368408888578415,0.07157830148935318,0.0551120899617672,0.06805679947137833,0.06661874800920486,0.06298650801181793,0.07155019789934158,0.0762321949005127,0.07024073600769043,0.06197370961308479,0.0611090250313282,0.06516607850790024,0.06903320550918579,0.05936572328209877,0.06687100976705551,0.06357249617576599,0.06084614619612694,0.07722222059965134,0.07287918031215668,0.06665640324354172,0.06899617612361908,0.05983361601829529,0.07472237199544907,0.05321861431002617,0.060999706387519836,0.06520303338766098,0.07803867757320404,0.06862813979387283,0.07507926225662231,0.0640554130077362,0.0778132900595665,0.07107028365135193,0.05638362839818001,0.07527250796556473,0.06961964070796967,0.07028130441904068,0.06459522992372513,0.07832691818475723,0.061546776443719864,0.06129616126418114,0.06898967921733856,0.0640982836484909,0.06328369677066803,0.0663369745016098,0.07486848533153534,0.061452772468328476,0.061321381479501724,0.07204888761043549,0.06876779347658157,0.0754050761461258,0.06577635556459427,0.0657040998339653,0.07911189645528793,0.06287917494773865,0.07745105773210526,0.06524168699979782,0.06897975504398346,0.0757189467549324
X54,0.07268985360860825,0.07340343296527863,0.06606841087341309,0.07226098328828812,0.06936994940042496,0.06762174516916275,0.07046996057033539,0.06466170400381088,0.06810623407363892,0.06916303187608719,0.06387098133563995,0.07291988283395767,0.05444113537669182,0.07410525530576706,0.0715184211730957,0.05342197045683861,0.07345378398895264,0.07713037729263306,0.0675496757030487,0.06007831171154976,0.06494419276714325,0.06742434948682785,0.08091263473033905,0.06291329115629196,0.07086993008852005,0.05737187713384628,0.060510389506816864,0.05919308960437775,0.06553840637207031,0.06591032445430756,0.0686216726899147,0.05579719319939613,0.07320620119571686,0.06133218854665756,0.07622787356376648,0.06585478782653809,0.07975722849369049,0.07508964091539383,0.0693073645234108,0.061654794961214066,0.0699978694319725,0.07327401638031006,0.07689514011144638,0.05809319019317627,0.06316518038511276,0.07320882380008698,0.05261191353201866,0.0671202763915062,0.07282314449548721,0.07584968954324722,0.05895043537020683,0.06588570028543472,0.0685824304819107,0.06595492362976074,0.0846429169178009,0.08039046823978424,0.07138112932443619,0.08046858012676239,0.05800498649477959,0.06537659466266632,0.06848405301570892,0.06158462539315224,0.07576216012239456,0.060348525643348694
X55,0.08199471235275269,0.06530968099832535,0.062007952481508255,0.059709254652261734,0.06567049026489258,0.0823441743850708,0.06500866264104843,0.06778863817453384,0.05545629933476448,0.07823687791824341,0.07595652341842651,0.06856051832437515,0.05660716071724892,0.06427060812711716,0.0638803020119667,0.07780241221189499,0.0689406543970108,0.05900745466351509,0.0745484009385109,0.06982045620679855,0.062195245176553726,0.05792295187711716,0.055467620491981506,0.06626568734645844,0.061581701040267944,0.0661311000585556,0.06515859067440033,0.07173822075128555,0.06540650129318237,0.0640316978096962,0.05296405404806137,0.06375546753406525,0.06786209344863892,0.059283699840307236,0.06855577230453491,0.06896475702524185,0.08393112570047379,0.06360284239053726,0.06806965172290802,0.07821338623762131,0.07221672683954239,0.06472384184598923,0.07897083461284637,0.06865491718053818,0.07531646639108658,0.06985777616500854,0.07515450567007065,0.05664528161287308,0.06894716620445251,0.06239854916930199,0.05941103398799896,0.0625433623790741,0.06741728633642197,0.07207931578159332,0.0551535040140152,0.054232869297266006,0.06667370349168777,0.05714910104870796,0.06722332537174225,0.05798764154314995,0.07708312571048737,0.06843536347150803,0.06912388652563095,0.06692834943532944
X56,0.06488624960184097,0.07973533868789673,0.07360941171646118,0.06479272991418839,0.06825892627239227,0.07169392704963684,0.058560531586408615,0.056790780276060104,0.07382997870445251,0.06036077439785004,0.07055987417697906,0.07788938283920288,0.05818714201450348,0.06892038136720657,0.06607510149478912,0.07354632019996643,0.08014865219593048,0.06911949813365936,0.06503796577453613,0.06772319227457047,0.07806017249822617,0.07353666424751282,0.0692884549498558,0.058377232402563095,0.06115823984146118,0.08215580135583878,0.05789089947938919,0.05409647151827812,0.06877654045820236,0.07352146506309509,0.07646679878234863,0.06729719787836075,0.059056252241134644,0.07544615119695663,0.06629202514886856,0.06518025696277618,0.06136784702539444,0.06684001535177231,0.05923686549067497,0.06729602813720703,0.06730318814516068,0.06953299045562744,0.06338725239038467,0.07189778238534927,0.06324267387390137,0.07295027375221252,0.06721261888742447,0.06366586685180664,0.07815318554639816,0.06308478862047195,0.0753447562456131,0.08009769767522812,0.06964694708585739,0.05729734152555466,0.07332038879394531,0.07015576958656311,0.08338849246501923,0.06382394582033157,0.06738720089197159,0.05082988739013672,0.07153761386871338,0.07164328545331955,0.07317502051591873,0.07258373498916626
X57,0.06429042667150497,0.0812343880534172,0.06302641332149506,0.057958588004112244,0.05573701485991478,0.06739453971385956,0.06795761734247208,0.07155013084411621,0.06469066441059113,0.07147353142499924,0.07226385921239853,0.07815216481685638,0.06343752890825272,0.062114179134368896,0.06396361440420151,0.06496898084878922,0.055788032710552216,0.07296957820653915,0.0645907074213028,0.062320031225681305,0.07156017422676086,0.06193108856678009,0.05808759108185768,0.053078506141901016,0.057029757648706436,0.0792829617857933,0.07707381248474121,0.07815972715616226,0.06660714745521545,0.061546336859464645,0.07359053194522858,0.06699654459953308,0.058395832777023315,0.07200296223163605,0.06785472482442856,0.05783195421099663,0.06852405518293381,0.06204571574926376,0.07057135552167892,0.059710726141929626,0.062290530651807785,0.0651489719748497,0.06511867791414261,0.07310140877962112,0.06636574864387512,0.06352236866950989,0.07298766076564789,0.07639612257480621,0.058737464249134064,0.06568717211484909,0.06420954316854477,0.05532659962773323,0.059003133326768875,0.07882269471883774,0.06568876653909683,0.076065793633461,0.0753360390663147,0.06362564861774445,0.06514114141464233,0.08080390095710754,0.05427349731326103,0.07507172226905823,0.06578946113586426,0.06895841658115387
X58,0.0625443235039711,0.060166068375110626,0.09269078075885773,0.06788244098424911,0.062151871621608734,0.07364040613174438,0.06986241042613983,0.0776175856590271,0.06586962193250656,0.07194804400205612,0.059351202100515366,0.06035901978611946,0.05118913576006889,0.07729208469390869,0.05804719775915146,0.05753524228930473,0.06258617341518402,0.0681237131357193,0.07475364953279495,0.0616927407681942,0.06867475807666779,0.06081628426909447,0.06432853639125824,0.07369746267795563,0.09017772972583771,0.06306161731481552,0.06803478300571442,0.06603197008371353,0.0778256207704544,0.05638060346245766,0.07127663493156433,0.05382610857486725,0.06772666424512863,0.06699098646640778,0.08006145805120468,0.053918853402137756,0.06977830827236176,0.07078287750482559,0.06098001077771187,0.061847586184740067,0.07220142334699631,0.06984111666679382,0.0690341591835022,0.0814729556441307,0.07170388102531433,0.07949405908584595,0.06127902865409851,0.06596743315458298,0.05725829675793648,0.0713227391242981,0.05580095201730728,0.07448907941579819,0.08019919693470001,0.05710858106613159,0.05887158587574959,0.0776408463716507,0.07579123228788376,0.06428757309913635,0.07072063535451889,0.066163070499897,0.06655260920524597,0.07901471853256226,0.07521034777164459,0.06603691726922989
X59,0.059437286108732224,0.06285674124956131,0.05640297755599022,0.07098529487848282,0.06530345976352692,0.06934988498687744,0.07366355508565903,0.07534896582365036,0.07526688277721405,0.07618959993124008,0.0644049271941185,0.06286851316690445,0.06484007090330124,0.07345467805862427,0.0760476142168045,0.06324924528598785,0.048499949276447296,0.073863685131073,0.06714177131652832,0.07818328589200974,0.07565402239561081,0.07215566188097,0.06615325808525085,0.07784353196620941,0.06429982930421829,0.05278122052550316,0.06698939204216003,0.07768552005290985,0.06757334619760513,0.07405515760183334,0.06685193628072739,0.06770884990692139,0.06988289207220078,0.08326123654842377,0.06292364001274109,0.07458166033029556,0.06789980083703995,0.05656867474317551,0.06826603412628174,0.05954105406999588,0.05623374134302139,0.07098684459924698,0.05999772995710373,0.06268724054098129,0.058859508484601974,0.06938233971595764,0.07277587801218033,0.0735432580113411,0.07378102838993073,0.06783028692007065,0.05599823221564293,0.07191038131713867,0.06589991599321365,0.0719282254576683,0.07014979422092438,0.05984489247202873,0.07949311286211014,0.07389140874147415,0.06768087297677994,0.07282809913158417,0.06291428953409195,0.06657475978136063,0.06917604804039001,0.07052480429410934
X60,0.07047440856695175,0.07310311496257782,0.05532652139663696,0.06302779167890549,0.06402534246444702,0.06573615223169327,0.06884520500898361,0.071121446788311,0.06750619411468506,0.05625255033373833,0.06748133152723312,0.06747246533632278,0.0687151700258255,0.06326224654912949,0.06746585667133331,0.0658428966999054,0.059798017144203186,0.06665901839733124,0.07312051951885223,0.057461731135845184,0.07779400795698166,0.06185275688767433,0.0646071508526802,0.06836076825857162,0.062407758086919785,0.05635405331850052,0.06319339573383331,0.06116660684347153,0.07813093066215515,0.06758634746074677,0.05463282763957977,0.06470553576946259,0.07396713644266129,0.06539586186408997,0.06360593438148499,0.0659794956445694,0.08205767720937729,0.055313412100076675,0.08128850907087326,0.0669800415635109,0.06371670216321945,0.07058890163898468,0.06984183937311172,0.07161679118871689,0.06495234370231628,0.07134086638689041,0.06256121397018433,0.05779459699988365,0.05923862010240555,0.06764820963144302,0.0741242840886116,0.06895247101783752,0.06787692755460739,0.05787846818566322,0.07244463264942169,0.06478188931941986,0.07418178021907806,0.07828598469495773,0.07938964664936066,0.07079406827688217,0.07828140258789062,0.0702018141746521,0.06933951377868652,0.06853979825973511
X61,0.054319173097610474,0.0658542588353157,0.0763220265507698,0.07409197837114334,0.0708542987704277,0.05425677448511124,0.07002335786819458,0.07018273323774338,0.06473898887634277,0.05991131812334061,0.07324674725532532,0.07336674630641937,0.06025461480021477,0.0730564221739769,0.06483951956033707,0.07266281545162201,0.06686558574438095,0.06765183061361313,0.06890792399644852,0.07817767560482025,0.056940920650959015,0.060302749276161194,0.06745250523090363,0.06505309045314789,0.07977921515703201,0.07159876078367233,0.07607988268136978,0.06405198574066162,0.07929586619138718,0.0821189433336258,0.06541107594966888,0.07299691438674927,0.056265994906425476,0.06736882030963898,0.0607130266726017,0.06082577258348465,0.07431495934724808,0.060352832078933716,0.05604156106710434,0.06951646506786346,0.07900992780923843,0.07611630856990814,0.07337658852338791,0.07453873008489609,0.0756678655743599,0.061461783945560455,0.06464915722608566,0.06274455785751343,0.06694646924734116,0.06647277623414993,0.06888709217309952,0.06752198189496994,0.06537684053182602,0.06364388018846512,0.057144179940223694,0.05316832661628723,0.07705674320459366,0.07646090537309647,0.07376056909561157,0.0660974457859993,0.07440060377120972,0.06731794029474258,0.0734102874994278,0.07959017902612686
X62,0.08335167914628983,0.06748000532388687,0.07215318083763123,0.05862894654273987,0.054927073419094086,0.06633016467094421,0.06008404865860939,0.06711360812187195,0.06487417221069336,0.07237351685762405,0.07397639751434326,0.06930781900882721,0.06914492696523666,0.06256910413503647,0.07308366149663925,0.06326675415039062,0.07546477019786835,0.05467091500759125,0.08116273581981659,0.07630950957536697,0.07202349603176117,0.063618004322052,0.06074332818388939,0.07895208150148392,0.06490878015756607,0.06492400914430618,0.06733714789152145,0.07818446308374405,0.07323625683784485,0.06968916207551956,0.06421049684286118,0.07127194106578827,0.055935196578502655,0.0691344290971756,0.08232417702674866,0.07045795023441315,0.07947457581758499,0.07610335201025009,0.0694427415728569,0.061818353831768036,0.06428646296262741,0.06038806959986687,0.0637260302901268,0.056915152817964554,0.0624631904065609,0.0551559217274189,0.0673651173710823,0.07385936379432678,0.06170355901122093,0.06407872587442398,0.07881712168455124,0.058807436376810074,0.06659040600061417,0.0602160207927227,0.07366159558296204,0.06101863831281662,0.06808345764875412,0.07293400913476944,0.058741554617881775,0.0676722601056099,0.0638849213719368,0.07085247337818146,0.057557977735996246,0.0777151957154274
X63,0.0684179812669754,0.0651218444108963,0.06856349855661392,0.07722368836402893,0.06258263438940048,0.06477441638708115,0.06925906985998154,0.07136252522468567,0.0662810429930687,0.069658063352108,0.07285626232624054,0.071951724588871,0.06837991625070572,0.07458250224590302,0.07282044738531113,0.0768822506070137,0.055946022272109985,0.06696823239326477,0.06152815744280815,0.06986493617296219,0.06116718426346779,0.07429446280002594,0.07612517476081848,0.06377148628234863,0.07554298639297485,0.06496024131774902,0.056732699275016785,0.0609690397977829,0.0758497342467308,0.07255391776561737,0.062378689646720886,0.058902401477098465,0.0783042311668396,0.07161951810121536,0.06634186208248138,0.0759562999010086,0.06319635361433029,0.07323191314935684,0.07357145100831985,0.06524685025215149,0.07107076793909073,0.06288018822669983,0.07227318733930588,0.0710744634270668,0.07119572162628174,0.07328848540782928,0.07033387571573257,0.07993175834417343,0.06930514425039291,0.06636515259742737,0.07156383991241455,0.08036455512046814,0.06560538709163666,0.07312565296888351,0.07356385886669159,0.05734100937843323,0.04791978746652603,0.05638476088643074,0.060694754123687744,0.07218946516513824,0.06962893158197403,0.06596405804157257,0.060300979763269424,0.05993129685521126
X64,0.06183141842484474,0.06584639847278595,0.06566686928272247,0.05634662136435509,0.06852468848228455,0.06869034469127655,0.07044070214033127,0.0758625864982605,0.07924071699380875,0.06604889035224915,0.06710568070411682,0.08470195531845093,0.06510607153177261,0.07274959236383438,0.0755898505449295,0.07223879545927048,0.06671183556318283,0.07802976667881012,0.05577760189771652,0.06985760480165482,0.06333661079406738,0.06987422704696655,0.059579771012067795,0.06609874218702316,0.057711560279130936,0.07632935047149658,0.05755713954567909,0.05389130488038063,0.05593099817633629,0.06938436627388,0.07030948251485825,0.06376572698354721,0.07205719500780106,0.06777641177177429,0.06868767738342285,0.07780054211616516,0.07206261903047562,0.07358889281749725,0.06700112670660019,0.08084873110055923,0.0681384801864624,0.06789199262857437,0.06842774152755737,0.06596190482378006,0.08390435576438904,0.06828145682811737,0.06947439163923264,0.06758174300193787,0.07527795433998108,0.0784197449684143,0.06650585681200027,0.06714688241481781,0.06254152953624725,0.057546596974134445,0.058477167040109634,0.07587432116270065,0.06940411031246185,0.06433349847793579,0.06984361261129379,0.06749693304300308,0.07441306114196777,0.05915011838078499,0.07694832235574722,0.05944516509771347
X65,0.06590286642313004,0.05917995795607567,0.06087152659893036,0.07104108482599258,0.06917319446802139,0.059609364718198776,0.06764921545982361,0.0738094374537468,0.08068546652793884,0.07027751952409744,0.07148146629333496,0.07000120729207993,0.07501548528671265,0.06082696095108986,0.06956934183835983,0.06376494467258453,0.06138076260685921,0.06915976107120514,0.07159951329231262,0.06112482026219368,0.06159159541130066,0.06993851810693741,0.07249059528112411,0.06559665501117706,0.06844352185726166,0.06521346420049667,0.059110067784786224,0.06640242785215378,0.07623551040887833,0.0626562237739563,0.08778104931116104,0.06027134507894516,0.07601427286863327,0.07382059097290039,0.06621277332305908,0.07014249265193939,0.0605715773999691,0.0748554915189743,0.07559055089950562,0.06943634897470474,0.07295868545770645,0.06003807485103607,0.06773926317691803,0.07378347218036652,0.06677816808223724,0.06058075278997421,0.058782391250133514,0.06388901174068451,0.06967266649007797,0.07316077500581741,0.06279658526182175,0.07639974355697632,0.07575323432683945,0.06893222779035568,0.0676703229546547,0.06322614848613739,0.06286231428384781,0.061216387897729874,0.06572816520929337,0.08208657056093216,0.06567017734050751,0.07144032418727875,0.05726076662540436,0.07729687541723251
X66,0.0681670606136322,0.07111182808876038,0.07854412496089935,0.057695675641298294,0.07464802265167236,0.06489309668540955,0.05865802243351936,0.06231154873967171,0.07557889074087143,0.06459681689739227,0.0680820569396019,0.0610310398042202,0.05824444815516472,0.07588031142950058,0.07084420323371887,0.07084859162569046,0.07657691091299057,0.06134861707687378,0.05717211216688156,0.06094971299171448,0.06926020979881287,0.06219477206468582,0.04880176857113838,0.056084729731082916,0.06091737002134323,0.059499919414520264,0.06568656116724014,0.07480643689632416,0.0593048632144928,0.0692145973443985,0.0789533257484436,0.06166654825210571,0.07167446613311768,0.05279439315199852,0.058753419667482376,0.06810560077428818,0.06150304898619652,0.07136988639831543,0.06419187784194946,0.07047177106142044,0.06837902963161469,0.06937386095523834,0.06346973776817322,0.06913510710000992,0.06778345257043839,0.06420184671878815,0.06808905303478241,0.06292848289012909,0.0702575072646141,0.06393932551145554,0.05140947178006172,0.06574736535549164,0.0817493200302124,0.07332636415958405,0.05963454395532608,0.0742269977927208,0.05987544730305672,0.07907474040985107,0.06640294194221497,0.07716353237628937,0.07574792206287384,0.06534260511398315,0.06677364557981491,0.06595277041196823
X67,0.05972057953476906,0.05349867790937424,0.06795785576105118,0.07240007072687149,0.06323321163654327,0.0799703299999237,0.07276464253664017,0.0773257166147232,0.07503073662519455,0.07044041156768799,0.06948874890804291,0.064324289560318,0.06535979360342026,0.05863528698682785,0.06548984348773956,0.06045914441347122,0.06911851465702057,0.07222574949264526,0.05816807225346565,0.054823797196149826,0.06112554296851158,0.07059235870838165,0.06513603031635284,0.06568286567926407,0.07865885645151138,0.07082011550664902,0.05906182900071144,0.05921965092420578,0.0739833191037178,0.08278663456439972,0.0727648064494133,0.06967230886220932,0.06988975405693054,0.07369818538427353,0.06895074248313904,0.06391657888889313,0.06756117939949036,0.07158832252025604,0.06778282672166824,0.05917103961110115,0.05446363613009453,0.07964536547660828,0.060531843453645706,0.05917881056666374,0.08028361946344376,0.07028814405202866,0.06305509805679321,0.06672334671020508,0.0749732181429863,0.07180938869714737,0.07283774763345718,0.07171855866909027,0.0747038722038269,0.07354514300823212,0.07212600111961365,0.07206912338733673,0.07431164383888245,0.06682150810956955,0.07247243821620941,0.07567013055086136,0.07294171303510666,0.06657103449106216,0.06806821376085281,0.05916479602456093
