0,1,2,3,4,5,6,7,8,9,10,11,12,13,14,15,16,17,18,19,20,21,22,23,24,25,26,27,28,29,30,31,32,33,34,35,36,37,38,39,40,41,42,43,44,45,46,47,48,49,50,51,52,53,54,55,56,57,58,59,60,61,62,63,64,65,66,67
0.22912788,0.1777544,0.21549797,0.23343468,0.23632145,0.2799034,0.13481998,0.23040867,0.0026683807,0.0012159348,0.0018472672,0.0063762665,0.00854969,0.004655838,0.0036706924,0.001783371,0.0,0.010576248,0.0,0.0,0.0,0.027303696,0.011954308,0.0,3.528595e-05,0.007088661,0.010881424,0.030272484,0.00021648407,0.0,0.0,0.0017004013,0.01023674,0.11884117,0.16499329,0.010271072,0.0011730194,0.010577202,0.00036144257,0.0054750443,0.008627892,0.008278847,0.0074272156,0.021944046,0.008582115,0.0,0.010017395,0.0041980743,0.0058107376,0.0057344437,0.00019931793,0.007528305,0.008817673,0.0075035095,0.014072418,0.050441742,0.0035295486,0.005666733,0.01259613,0.01194191,0.025717735,0.02122116,0.0149412155,0.016298294,0.068532944,0.041638374,0.00039863586,0.016244888
0.17782974,0.16746044,0.19209003,0.19284534,0.13760757,0.17364788,0.14439487,0.16486073,0.0,0.0004196167,0.0,0.0014867783,0.0003643036,0.000207901,1.5258789e-05,0.0,0.0076179504,0.036320686,0.003689766,0.0037727356,0.0024299622,0.036331177,0.033246994,0.0001296997,0.0,0.0026960373,0.0014657974,0.008708954,0.0018720627,0.0,0.0,0.0003004074,0.0076036453,0.17663288,0.16068268,0.013131142,0.002231598,0.041297913,0.008937836,0.005467415,0.0029525757,0.001452446,0.0005912781,0.002673149,4.863739e-05,0.0011224747,0.0,0.0043764114,0.0,0.0,0.0,0.0,0.0,0.00050735474,0.0,0.035941124,0.012631416,0.0,0.018791199,0.021920204,0.017113686,0.018218994,0.0104522705,0.02400589,0.08576107,0.056264877,0.0009021759,0.020010948
0.1190424,0.24459839,0.22574043,0.2109642,0.22476768,0.18801117,0.16574955,0.17249393,0.0006904602,0.0013790131,0.00072193146,0.0019893646,0.0031118393,0.0024089813,0.002128601,6.771088e-05,0.011165619,0.037709236,0.006011009,0.011757851,0.0014343262,0.043299675,0.035999298,0.0,0.004272461,0.005364418,0.0025606155,0.032814026,0.0,0.006337166,0.0022716522,0.025745392,0.008464813,0.12639618,0.12087345,0.008207321,0.0006914139,0.0002374649,0.0,0.0,0.006052017,0.0031986237,0.00032234192,0.016905785,0.008944511,0.0013217926,0.0019731522,0.007874489,0.020807266,0.020881653,0.0067739487,0.0072422028,0.016108513,0.02601242,0.02752781,0.05956745,0.031902313,0.005218506,0.031906128,0.023724556,0.037220955,0.051247597,0.013968468,0.040081024,0.046082497,0.061305046,0.0034093857,0.03002739
0.09241581,0.15164757,0.11705208,0.21638393,0.12517738,0.12584782,0.052437782,0.18280506,0.0,0.004135132,0.00042438507,0.0017604828,0.0072669983,0.0018615723,0.00018978119,0.0,0.0029706955,0.04181385,0.0017948151,0.010556221,0.00379467,0.044501305,0.037161827,0.00029563904,0.0,0.0045366287,0.0038633347,0.024271965,0.0,0.0,0.0,0.0015878677,0.026192665,0.18871784,0.17657566,0.0411911,0.011855125,0.085718155,0.04656601,0.019301414,0.0,0.0,0.0,0.0,0.0,0.0,0.0,0.0,0.008476257,0.007823944,0.008675575,0.0010557175,0.00018692017,0.005098343,0.0064783096,0.0878849,0.02276802,0.016774178,0.019282341,0.0122413635,0.009111404,0.016986847,0.016413689,0.027466774,0.017368317,0.07625675,0.0011787415,0.00087070465
0.1799221,0.12788296,0.14575863,0.19327545,0.20615864,0.17788124,0.105781555,0.18626976,0.0018148422,0.0033540726,8.201599e-05,0.0052289963,0.009404182,0.0012617111,0.0027618408,0.0008878708,0.012921333,0.033745766,0.017183304,0.00552845,0.0068101883,0.03542137,0.038578033,0.0049037933,0.010170937,0.015766144,0.010580063,0.035434723,0.0,0.0094347,0.0,0.0066452026,0.0,0.09144688,0.07741356,0.0,0.0,0.0,0.0,0.0,0.0,0.0017213821,0.0010633469,0.0,0.0057115555,0.0,0.0034017563,0.0001296997,0.0074768066,0.02155304,0.0005722046,0.010831833,0.0073623657,0.021895409,0.012718201,0.06582165,0.0123643875,0.0020103455,0.019444466,0.017688751,0.018658638,0.018632889,0.023208618,0.024634361,0.02457714,0.022805214,0.0024433136,0.019692421
0.22284794,0.19265652,0.16954517,0.185215,0.1940136,0.21971416,0.13824463,0.21569157,0.0015516281,0.0005540848,0.0,0.0019311905,0.0038757324,0.0017795563,0.00037956238,0.0011415482,0.046211243,0.077563286,0.027466774,0.034786224,0.027072906,0.10381031,0.070409775,0.028985023,0.0,0.00046157837,0.0029973984,0.0029411316,0.0,0.00045776367,0.0,0.0,0.0,0.0872345,0.103113174,0.0017051697,0.0,0.0,0.0,0.0,0.031430244,0.010046959,0.004034996,0.02241993,0.012578964,0.013528824,0.008728981,0.020766258,0.00022411346,0.0013399124,0.00015354156,0.005801201,0.0,0.0027656555,0.0043153763,0.057369232,0.026918411,0.008939743,0.024302483,0.02320385,0.034251213,0.067676544,0.018579483,0.029191017,0.04911995,0.029001236,0.0048770905,0.01940918
0.19724464,0.17763233,0.20501614,0.192235,0.19531631,0.20217037,0.1971159,0.19081879,0.0017709732,0.00060653687,0.0,0.0,0.0022506714,0.0001487732,0.001537323,0.0,0.024817467,0.028400421,0.005838394,0.0043764114,0.003704071,0.030402184,0.013098717,0.009171486,0.011284828,0.0012159348,0.0051317215,0.0456295,0.0,0.003083229,0.0,0.005042076,0.0,0.084397316,0.07564354,0.001493454,0.0,0.0,0.0,0.0,0.015480995,0.0019731522,0.0,0.026968002,0.019085884,0.003170967,0.000702858,0.008308411,0.00024032593,0.00072956085,0.0,0.0037927628,0.0010499954,0.0037670135,0.009179115,0.028252602,0.0,0.0,0.013541222,0.009255409,0.0077323914,0.015347481,0.0029497147,0.0009651184,0.09528446,0.048440933,0.0037403107,0.021615028
0.14533424,0.13505936,0.118738174,0.15545273,0.122457504,0.1059618,0.07561207,0.14935493,0.0,0.0,0.00041484833,8.9645386e-05,0.003853798,0.0015668869,0.00015449524,0.0,0.0062322617,0.05630684,0.003921509,0.0020189285,0.0069828033,0.0523386,0.061805725,0.0024194717,0.0,0.0057849884,0.0009965897,0.008957863,0.0,0.002281189,0.0,0.00019073486,0.0022392273,0.12785053,0.1323824,0.009171486,0.0,0.017940521,0.0029850006,0.0047922134,0.0002937317,0.0,0.0,0.0,0.002257347,0.00047397614,0.0,0.0,0.003156662,0.0029525757,0.0002374649,0.00053215027,0.0,0.0039043427,0.0026750565,0.05363083,0.027130127,0.013563156,0.019421577,0.02324295,0.018706322,0.009008408,0.026039124,0.011899948,0.018927574,0.027341843,0.0,0.0142326355
0.006541252,0.0009765625,0.000579834,0.0044002533,0.011125565,0.00041389465,0.0,0.00083065033,0.21875858,0.047092438,0.05073166,0.061924934,0.10803223,0.05642891,0.17767143,0.23495293,0.0,0.0,0.0,0.0,0.0,0.00038146973,0.0026512146,0.0,0.0034656525,0.04519081,0.041844368,0.014170647,0.006709099,0.023674965,0.025527954,0.0006980896,0.0,0.002120018,0.00093078613,0.0033664703,0.006169319,0.008341789,0.0009727478,0.004265785,0.030936241,0.19433498,0.22478676,0.029937744,0.0038280487,0.12316036,0.3180771,0.015648842,0.0,4.7683716e-05,0.0,0.0006866455,0.0,0.0,0.020142555,0.0013847351,0.00026130676,0.03393364,0.03558445,0.04163742,0.0,0.085912704,0.051210403,0.002658844,0.004011154,0.0,0.006187439,0.03996277
0.0002412796,0.0,0.0,0.00022697449,0.0,0.000333786,0.0,0.0006380081,0.03543663,0.2589531,0.2010374,0.26131058,0.22208405,0.19153404,0.25894737,0.057640076,0.032281876,0.038496017,0.06478977,0.02525425,0.040346146,0.01527977,8.583069e-05,0.0427866,0.01201725,0.00018310547,0.0030536652,0.0058603287,0.023213387,0.024132729,0.035409927,0.0114040375,0.010785103,9.8228455e-05,0.0,0.006006241,0.014942169,0.010612488,0.006160736,0.0111866,0.0,0.0,0.0,0.0,5.722046e-05,0.0,0.0,0.0,0.11062145,0.1131897,0.11495781,0.08901405,0.11264801,0.086149216,0.10992432,0.028421402,0.0027532578,0.004752159,0.0001745224,0.0,0.0,0.0,0.0014209747,0.0,0.0,0.05454445,0.01730156,0.0
6.484985e-05,0.0,0.0,0.0,0.000333786,0.00011253357,0.0,0.0,0.0773325,0.22627735,0.21090984,0.20543575,0.18554592,0.25579548,0.24397469,0.07742596,0.0,0.0,0.0,0.0,0.0043878555,0.00013637543,0.0,0.0071792603,0.023639679,0.0059890747,0.005581856,0.010560989,0.009402275,0.0033912659,0.014559746,0.011752129,0.02051258,0.0,0.0,0.0097465515,0.014533043,0.0064611435,0.0062828064,0.010539055,0.0,0.010932922,0.0015144348,0.0,4.673004e-05,0.015295029,0.0059518814,7.343292e-05,0.049405098,0.034335136,0.05917549,0.008385658,0.05009365,0.028669357,0.017645836,0.0011558533,0.0,0.0,0.0007867813,0.0012845993,0.00020980835,0.0,0.0,0.013298988,0.0,0.002776146,0.030128479,0.01312542
0.0011405945,0.0003633499,0.00064849854,0.0010948181,0.00086402893,0.0012454987,4.673004e-05,0.00022602081,0.09818554,0.17832565,0.1790781,0.28256702,0.1841917,0.15457153,0.25483418,0.11539459,0.0,0.0,1.9073486e-06,0.0,0.0,0.0,0.00018119812,0.0,0.01620388,0.007475853,0.008601189,0.020475388,0.027567863,0.032328606,0.028317451,0.02174759,0.013677597,1.1444092e-05,0.0,0.014256477,0.018776894,0.008365631,0.014420509,0.012444496,0.0,0.013833046,0.01325798,0.0,0.0,0.010137558,0.013753891,0.0,0.03439808,0.047161102,0.058000565,0.016983032,0.053339005,0.04821682,0.02689457,0.0007581711,0.0,0.0011978149,0.0018529892,0.0006132126,0.0,0.0,0.002878189,0.0,0.0,0.037029266,0.014269829,0.011590004
0.0017261505,0.00041484833,0.0,0.00084400177,0.0019807816,0.00038528442,0.0012054443,0.00022602081,0.1240263,0.2040577,0.1662798,0.2238493,0.19210148,0.2084713,0.17617798,0.12360859,0.00093460083,0.00019264221,0.0040073395,0.0006933212,0.0,0.00018882751,0.0,0.0030555725,0.0,0.0,0.0036554337,0.0,9.536743e-06,0.0,0.0012083054,0.0,0.002623558,0.0005378723,7.534027e-05,0.0018777847,0.005209923,0.013673782,0.003520012,0.0034828186,0.00063705444,0.045001984,0.051247597,0.0,0.00041389465,0.0232687,0.040180206,2.9563904e-05,0.054540634,0.03798008,0.019272804,0.0035915375,0.023085594,0.010689735,0.046340942,0.0,0.0025663376,0.004389763,0.00036525726,0.0004119873,0.0013504028,0.017977715,0.007033348,0.001502037,1.6212463e-05,0.0025701523,0.015125275,0.002357483
0.0001707077,0.00037574768,0.00057315826,0.0013828278,0.00077342987,0.0006313324,9.8228455e-05,0.0012302399,0.12340832,0.14852715,0.16705513,0.2237091,0.20384026,0.1577568,0.20353603,0.095944405,0.0005950928,0.006781578,0.02012062,0.0014181137,0.0127334595,0.0031929016,0.0005950928,0.015847206,0.0048799515,0.00036144257,0.0041599274,0.001332283,0.0,0.0014152527,0.0,0.0,0.0018320084,0.00082206726,0.0003681183,0.0056505203,0.007886887,0.0071172714,0.0014619827,0.0049324036,0.0,0.01200676,0.016148567,0.0,0.0,0.014467239,0.015076637,8.869171e-05,0.013781548,0.014825821,0.014196396,0.0,0.0054826736,0.008420944,0.0065841675,0.007001877,0.006629944,0.00390625,0.0043878555,0.007306099,0.002202034,0.012141228,0.0021820068,0.0077171326,0.0009384155,0.018349648,0.023820877,0.004808426
8.106232e-05,2.3841858e-05,0.00019645691,0.0011386871,0.00031757355,0.00012397766,0.0,0.00042152405,0.10367203,0.15101528,0.11109924,0.1787138,0.16362286,0.106716156,0.22995281,0.09024906,0.0,0.0017471313,0.0021686554,0.0043153763,0.0016746521,0.0023403168,0.0,0.004989624,0.0,0.024533272,0.020435333,0.0019693375,0.0025434494,0.0110569,0.020645142,0.0030145645,0.0071754456,0.00016117096,0.00026130676,0.008322716,0.004547119,0.0048160553,0.0034399033,0.008892059,0.0,0.043429375,0.03344059,0.0,0.0,0.030341148,0.032097816,0.00046920776,0.085027695,0.0822134,0.062582016,0.038733482,0.064435005,0.07156563,0.08615589,0.0077762604,0.0037584305,0.039221764,0.03051281,0.025763512,0.0,0.03742218,0.047228813,0.0003414154,0.004034996,0.028928757,0.01586914,0.016300201
0.0,0.0011978149,0.0012207031,0.0016222,0.0018339157,0.0019140244,0.0,0.0016403198,0.11777592,0.07194328,0.04524231,0.054286957,0.08832359,0.062252045,0.11615658,0.19776821,0.0,0.0017309189,0.0,0.00018501282,0.0,0.00042438507,0.00040626526,0.0,0.00083732605,0.051496506,0.03832054,0.013541222,0.009058952,0.015151024,0.02771473,0.0012140274,0.002483368,0.001086235,0.0021562576,0.00032901764,0.0017566681,0.0070524216,0.0016555786,0.0,0.0,0.1068573,0.15467072,0.0,2.7656555e-05,0.015624046,0.114136696,0.0,0.005677223,0.012230873,0.0150642395,0.00137043,0.0033369064,0.003870964,0.036768913,0.0011005402,0.006289482,0.08438778,0.06379986,0.091052055,0.00655365,0.06502533,0.06738281,0.021979332,0.0002002716,0.0125665665,0.0,0.057329178
0.0035734177,0.004005432,0.00077342987,0.0009622574,0.00308609,0.019051552,0.0072870255,0.0023479462,0.09710789,0.00022697449,0.00025177002,0.0,0.0021104813,0.0019207001,0.010178566,0.016379356,0.22431755,0.19331741,0.27204037,0.25533772,0.27263927,0.21282482,0.20654583,0.26632977,0.0,0.0,0.0,0.0,0.0,0.02845192,0.0,0.0,2.3841858e-05,0.0031003952,0.00071144104,0.0032577515,0.006140709,0.0,0.0,0.0,0.070406914,0.063396454,0.023543358,0.052660942,0.046769142,0.065452576,0.03331566,0.091677666,0.0,0.0,0.0,0.0048923492,0.0,4.2915344e-05,0.021481514,0.05804634,0.0027132034,0.0019340515,0.00058841705,0.0023412704,2.861023e-06,0.028879166,0.0042438507,0.0,0.0022363663,0.04389,0.06266403,0.011804581
0.0,0.0020608902,0.0,0.0031471252,0.0040340424,0.02594757,0.0,0.0036344528,0.0,0.0,0.0,0.0,0.0,0.0,0.0,0.00012683868,0.15785599,0.22373104,0.21586037,0.1839571,0.19595814,0.32719994,0.3173275,0.25832558,0.0,0.0,0.0,0.0,0.0,0.035128593,0.0010852814,0.0,0.0033798218,0.00921154,0.00083065033,0.004005432,0.0027999878,0.009333611,0.0014743805,0.0032234192,0.039954185,0.0049877167,0.0,0.020762444,0.028796196,0.023543358,0.0,0.06561661,0.0,0.0060167313,0.0,0.041460037,0.0018911362,0.0034694672,0.03804016,0.15010071,0.0,0.0,0.0,0.0,0.0,0.0,0.0,0.0,0.0,0.05976391,0.042304993,0.006278038
0.0,0.00017547607,5.722046e-06,0.0003862381,0.0,0.0,0.0,0.00014972687,0.0,0.0014333725,0.0011396408,0.0,0.0,4.196167e-05,0.0,0.0,0.29264164,0.1894064,0.24421024,0.21435547,0.25056744,0.12380695,0.18204784,0.23754025,0.0012321472,0.0,0.0,0.0021972656,0.0,0.03822422,0.009317398,0.0,0.0086221695,0.00037384033,0.0,0.004562378,0.009113312,0.00319767,0.0062646866,0.00056934357,0.08871937,0.005883217,0.0,0.105342865,0.07479763,0.028469086,0.0050497055,0.10841465,0.0,0.0008735657,0.0,0.0019960403,0.0,0.0,0.008183479,0.05892086,0.01680851,0.0012321472,0.0,0.0,0.0011825562,0.0061626434,0.0,0.0009012222,0.0016775131,0.045949936,0.030343056,0.02026844
0.0,0.0,0.0,0.0,0.00064373016,0.0037183762,0.00069236755,0.0022802353,0.0043287277,0.0,0.00053310394,6.1035156e-05,0.0050201416,0.003973007,0.0012197495,0.0,0.1742239,0.13527966,0.18327999,0.2602291,0.2629738,0.12391949,0.27456093,0.2506733,0.0031633377,0.0,0.0,0.0,0.006822586,0.03866768,0.0059661865,0.0,0.0,0.0005264282,0.0,0.0,0.0,0.0,0.0010356903,0.0,0.07521343,0.013900757,0.0,0.06446648,0.037319183,0.0309124,0.0017852783,0.0793972,0.0,0.0,0.0,0.0,0.0,0.0,0.0024900436,0.06413555,0.0,0.0,0.0,0.0,0.0,0.0,0.0,0.0,0.0,0.03203392,0.036661148,0.017317772
0.00023078918,0.0,0.00018501282,0.0,1.6212463e-05,0.0027713776,0.00031661987,0.0,0.036522865,8.201599e-05,0.0007362366,0.0,0.0065670013,0.0037240982,0.006849289,0.0,0.21105385,0.071578026,0.16592884,0.19681358,0.24789906,0.1187706,0.21830845,0.227664,0.0,0.0,0.0,0.0,0.0,0.017496109,0.0,0.0,0.00025844574,3.528595e-05,0.0,0.0,0.0,0.0,0.0019578934,0.0,0.06888962,0.0329628,0.001704216,0.08308697,0.06233692,0.08061886,0.009806633,0.059817314,0.0,0.0,0.0,0.0,0.0,0.0,0.0027341843,0.049595833,0.0,0.0,0.0,0.0,0.0,0.0,0.0,0.0,0.0,0.028259277,0.08672714,0.0
0.0066099167,0.01484108,0.0,0.013538361,0.0034294128,0.022679329,0.0,0.018004417,0.0,0.0,0.0,0.0,7.6293945e-05,0.0,0.0,7.247925e-05,0.28689384,0.2468605,0.19301796,0.2390995,0.21679688,0.2613039,0.22769737,0.23197174,0.0015983582,0.0,0.0,0.0,0.00043296814,0.05315113,0.008407593,0.0,0.0,0.008627892,0.009123802,0.0018434525,0.0020656586,0.003537178,0.0032682419,0.0021009445,0.021150589,0.0025253296,0.0,0.019186974,0.029148102,0.04250908,0.0,0.057232857,0.001115799,0.009141922,0.0,0.0741272,0.0,0.00070381165,0.055926323,0.12862301,0.0,0.004623413,0.0,0.0,0.0,0.0033054352,0.0030403137,0.0,0.0,0.04192829,0.027425766,0.00093364716
0.0018596649,0.014318466,0.0,0.008983612,0.0020456314,0.0073862076,0.0032367706,0.0028486252,0.006545067,0.0,0.0,0.0,0.0,4.196167e-05,0.0,0.0,0.16084003,0.15799618,0.12530804,0.10153103,0.14552975,0.15375042,0.29311943,0.15120125,0.005355835,0.018835068,0.008600235,0.001502037,0.0,0.032133102,0.004837036,0.0,0.005142212,0.009641647,0.007706642,0.0024356842,0.00023269653,0.008634567,0.0063028336,0.006957054,0.0705595,0.046687126,0.01673317,0.09899521,0.026796341,0.034205437,0.035057068,0.07987785,0.0,0.0,0.0,0.009775162,0.0,0.0,0.014164925,0.08800793,0.0,0.018947601,0.013130188,0.002445221,0.0,0.0069065094,0.019237518,0.0,0.0031061172,0.0045661926,0.014842987,0.00049877167
0.0010662079,0.00049495697,0.0011758804,0.0001487732,0.0,0.0011110306,0.0016860962,0.0009050369,0.05061817,0.0,0.0,0.0,0.0,0.0,0.0,0.0,0.29281425,0.13913059,0.229352,0.17594719,0.25265026,0.07680607,0.2922821,0.245965,0.0,0.0,0.0,0.0,0.0,0.053997993,0.008356094,0.0,0.0,0.0018291473,0.0,0.0002155304,0.0002040863,0.0,0.0,0.0,0.087753296,0.0581398,0.020786285,0.076449394,0.07392979,0.10100365,0.03682041,0.10452461,0.0,0.0,0.0,0.0,0.0,0.0,0.005584717,0.04807186,0.0,0.0,0.0,0.00049209595,0.0,0.016616821,0.0,0.0,0.0038032532,0.027907372,0.06708813,0.022169113
0.00051403046,5.054474e-05,0.0,0.0,9.441376e-05,0.0,0.0,0.0,0.00022315979,0.0,0.0,0.0004415512,0.0,5.722046e-05,0.0017633438,0.00028705597,0.025396347,0.049035072,0.03518009,0.04206562,0.039756775,0.036273003,0.03934765,0.033391953,0.22999191,0.11258507,0.16031551,0.16811562,0.21039677,0.24238777,0.20441628,0.12993336,0.011938095,0.0009403229,0.0018091202,0.024178505,0.020760536,0.04421234,0.007791519,0.03124237,0.0,0.0005092621,0.00028800964,0.0024023056,7.534027e-05,0.0,0.0026960373,0.0,0.03338909,0.024104118,0.00422287,0.048547745,0.020819664,0.014835358,0.031827927,0.023410797,0.004020691,0.061120987,0.065366745,0.045430183,0.007065773,0.0027265549,0.049570084,0.010030746,0.0,0.011101723,0.0,0.064468384
0.0011167526,0.00078105927,0.0053834915,0.00017738342,0.004527092,0.0027036667,0.0014438629,0.001964569,0.0,0.0,0.0021352768,0.0,0.0,1.9073486e-06,0.0,0.0,0.0026464462,0.016902924,0.0030670166,0.007668495,0.007024765,0.017502785,0.0018367767,0.007866859,0.10775089,0.15012455,0.14018154,0.09780693,0.126544,0.16531754,0.14632511,0.122561455,0.016172409,0.025053978,0.035308838,0.030010223,0.015329361,0.09287453,0.024201393,0.03148079,0.0,0.0,0.0,0.0,0.0,0.0,0.0,0.0,0.022851944,0.025367737,0.010551453,0.02644825,0.01632595,0.013253212,0.022478104,0.009418488,0.052921295,0.15881538,0.10443592,0.14398003,0.04139614,0.044737816,0.107299805,0.06590843,0.01091671,0.011649132,0.0,0.08963108
0.0044441223,0.0021066666,0.0013942719,0.0,0.0025930405,0.00095176697,0.0009860992,0.0,0.0,0.0,0.0,0.0,0.0,0.0,0.004143715,0.007516861,0.0,0.0,0.0,0.0,0.0,0.0,0.0,0.0,0.09140587,0.19362259,0.22372627,0.11558819,0.10779381,0.103601456,0.16139984,0.06497002,0.07702541,0.069475174,0.04810524,0.14892292,0.07535076,0.12653828,0.08383751,0.1196785,0.0,0.0,0.0031442642,0.0,0.0,0.0,0.0015048981,0.0,0.014838219,0.018149376,0.011041641,0.01631546,0.018360138,0.011036873,0.02448368,0.0077209473,0.049962044,0.1189003,0.14878559,0.15285587,0.030763626,0.028795242,0.15452003,0.05602455,0.0040626526,0.0076770782,0.0,0.07380295
0.0038986206,0.0,0.0025815964,0.0,0.0039844513,0.0,0.00038719177,0.0,9.727478e-05,0.0,0.0014362335,0.0010652542,0.0003566742,6.67572e-05,0.00060653687,0.0,0.0046844482,0.032598495,0.014100075,0.008231163,0.04362011,0.028253555,0.0043582916,0.017370224,0.23553467,0.15514755,0.164567,0.13815689,0.17709446,0.19164658,0.21565819,0.16680336,0.08260059,0.0,0.0029888153,0.07118225,0.05197239,0.055516243,0.04882431,0.09532261,0.0,0.0,0.0,0.0,0.0,0.0,0.0,0.0,0.06908417,0.059170723,0.0417614,0.06560707,0.046990395,0.049012184,0.06016159,0.035606384,0.0,0.09125614,0.05166626,0.05016327,0.0,0.0,0.05708313,0.0036201477,0.00015068054,0.046525955,1.335144e-05,0.020939827
0.0,0.0015611649,0.0,0.00057029724,0.0,0.0,0.0,0.0003862381,0.0,0.020643234,0.010695457,0.011311531,0.00015068054,0.00012493134,0.0002708435,0.0,0.014224052,0.037670135,0.03642273,0.01831913,0.06922817,0.030088425,0.008457184,0.072294235,0.20095825,0.08483505,0.11227417,0.13288975,0.2734003,0.24985218,0.24033928,0.08005333,0.027466774,0.0,0.0,0.046355247,0.034061432,0.036854744,0.026228905,0.06899071,0.0,0.0,0.0,0.0,0.0,0.0,0.0,0.0,0.0008659363,0.02500534,0.008950233,0.029701233,0.0011444092,0.006198883,0.010774612,0.00084781647,0.0,0.018717766,0.038410187,0.034672737,0.0,0.0,0.039173126,0.020037651,0.0,0.021671295,0.0022010803,0.036563873
0.0011606216,0.0,0.0006046295,0.0012989044,0.004137993,0.0011367798,0.00092220306,0.00026607513,0.0011177063,2.193451e-05,0.00018405914,0.0,0.00032424927,0.00038146973,0.0015687943,0.00013065338,0.07339287,0.08565521,0.06777382,0.06713104,0.07954025,0.083553314,0.13125896,0.068935394,0.13121319,0.11690712,0.13194084,0.10350227,0.19053173,0.23101902,0.23322487,0.06853199,0.0,0.0,0.0,0.0036401749,0.0,0.007822037,0.0,0.024478912,0.0,0.000104904175,0.0,0.0002784729,0.0,0.0005207062,0.0007534027,0.0,0.008426666,0.005496025,0.0,0.018665314,0.0007162094,0.001619339,0.0036907196,0.026000977,0.00079250336,0.041833878,0.055449486,0.047843933,0.0034713745,0.0,0.048490524,0.018346786,0.00034809113,0.02857685,0.0058755875,0.036725998
0.0,0.0,0.0,0.0,6.866455e-05,0.0,0.0015687943,0.00016021729,0.0,0.01975441,0.016225815,0.020388603,0.000702858,0.0,0.002781868,0.0,0.03145504,0.093276024,0.044792175,0.048009872,0.077934265,0.06148243,0.046343803,0.07835674,0.12068081,0.07990265,0.058112144,0.107564926,0.18977165,0.18465137,0.21014214,0.061688423,0.028568268,0.0027132034,0.0014896393,0.05412674,0.043863297,0.05887413,0.037475586,0.097512245,0.0,0.0,0.0,0.0,0.0,0.0,0.0,0.0,0.018154144,0.04390812,0.011006355,0.041078568,0.016411781,0.0135650635,0.011867523,0.045015335,0.0,0.024988174,0.025012016,0.01854229,0.0,0.0,0.029212952,0.0048036575,0.0010738373,0.046513557,0.0,0.0063762665
0.004705429,0.0013771057,0.005235672,0.00043678284,0.002023697,0.0,0.001115799,0.0013141632,0.00022697449,0.0,0.00015830994,0.0,0.0,0.0,0.0,0.0,0.0032615662,0.01478672,0.005844116,0.00157547,0.033542633,0.0032367706,0.0,0.0019626617,0.25546837,0.1638155,0.22382164,0.33155918,0.31653786,0.27361774,0.18811512,0.2074976,0.038573265,0.0049409866,0.0049915314,0.04559517,0.037978172,0.047495842,0.041042328,0.058110237,0.0,0.0,0.0,0.0015354156,0.0,0.0,0.0,0.0,0.061184883,0.112986565,0.062220573,0.07745361,0.035196304,0.072218895,0.06382179,0.027549744,0.0053310394,0.054494858,0.0632658,0.044734955,0.00433445,0.0,0.044531822,0.026202202,0.0016937256,0.038155556,1.9073486e-06,0.046977043
2.5749207e-05,0.011709213,0.00023555756,0.012050629,0.0020456314,0.0,0.00062179565,0.007669449,0.0,0.0,1.5258789e-05,0.0,0.0,0.0,0.0,0.00037288666,0.0066080093,0.0121154785,0.01843357,0.004763603,0.010885239,0.011330605,0.014225006,0.020569801,0.0,0.0,0.0,0.004299164,0.003698349,0.0,0.004599571,0.00658226,0.17562771,0.09803009,0.08283329,0.1554575,0.1372366,0.15652275,0.15468597,0.18928528,0.033114433,0.004310608,0.0014638901,0.045700073,0.013323784,0.0080451965,0.0004491806,0.028740883,5.4359436e-05,0.0,0.0,0.007963181,0.0,0.0,0.0018310547,0.0105752945,0.0,0.0042591095,0.0,0.0,0.0,4.9591064e-05,0.0,0.0,0.027433395,0.026823044,4.7683716e-05,0.0
0.06030941,0.10643196,0.0904541,0.108901024,0.04348755,0.09218407,0.02352047,0.1531725,0.0,0.0,0.0,0.00019168854,0.0004968643,0.000541687,0.0,0.0,0.0,0.028327942,0.0,0.0,0.0,0.022690773,0.018953323,0.0,0.0022230148,0.022541046,0.017623901,0.022753716,0.0033311844,0.0,0.001250267,0.0022478104,0.10154247,0.213521,0.15599346,0.131773,0.09542751,0.17093563,0.14578533,0.09114075,0.0,0.0,0.0,0.0,0.0,0.0,0.0,0.0,0.00058078766,0.0021810532,0.0019407272,0.0019931793,0.0024757385,0.0039110184,0.0036878586,0.0460701,0.0115327835,0.045380592,0.04441738,0.030475616,0.024765015,0.025288582,0.033812523,0.0,0.019123077,0.050528526,0.0,0.00951767
0.080550194,0.120321274,0.06948185,0.1376133,0.057588577,0.08892059,0.012926102,0.13733482,0.0,0.0,0.0,0.0007696152,0.0013465881,0.0,0.0,0.0006790161,0.009297371,0.023000717,0.0,0.006629944,0.0016736984,0.034752846,0.040239334,0.0008401871,0.0,0.0038461685,0.0032596588,0.0,0.0,0.0027189255,0.0,0.0,0.14143372,0.18087006,0.15158653,0.08784771,0.07211971,0.12058544,0.08416653,0.067705154,7.6293945e-06,0.0017223358,0.0,0.00045108795,0.00021266937,0.0,0.0,0.0,0.0,0.0,0.0,0.0,7.915497e-05,0.0,0.00034427643,0.031469345,0.014221191,0.023817062,0.019205093,0.02404213,0.006644249,0.031968117,0.028964043,0.0029687881,0.030964851,0.018212318,0.0,0.0069446564
0.0016450882,0.005558014,0.00024986267,0.012031555,0.0045681,0.004545212,0.0047740936,0.0039129257,0.0,0.0050640106,0.0,0.0049962997,0.004067421,8.201599e-05,0.0019893646,0.0,0.0,0.0,0.0,0.00019168854,0.0,0.0018205643,0.00052547455,0.0,0.0,0.0,0.0034952164,0.026592255,0.030399323,0.023674011,0.020778656,0.01716137,0.22258472,0.104907036,0.10591984,0.18832874,0.16760826,0.20091152,0.23387527,0.25391006,0.0038022995,0.0,0.0,0.013358116,0.0025568008,0.0,0.0,0.008861542,0.0010728836,0.0,0.0013990402,0.0011167526,2.3841858e-05,0.0,0.0,0.003897667,0.0,0.0070257187,0.0,0.0,0.0,0.0,0.0,0.002357483,0.007208824,0.004137993,0.00030326843,0.0
0.0012016296,0.0064353943,8.392334e-05,0.010670662,0.006116867,0.0003414154,0.0015859604,0.01007843,0.0028676987,0.022579193,0.005420685,0.027394295,0.008930206,0.018574715,0.015311241,0.0014858246,0.0,0.0054683685,0.00049877167,0.0,0.0053014755,0.009244919,0.010462761,0.009839058,0.00097465515,0.0068073273,0.006280899,0.009755135,0.0074892044,0.009078026,0.010150909,0.023111343,0.1994915,0.10714626,0.07204056,0.16783428,0.19831944,0.20763493,0.20759106,0.16861153,0.018157959,0.0048475266,0.0025968552,0.034103394,0.00981617,0.005350113,0.0043125153,0.014821053,0.00039482117,0.00044631958,0.00072288513,0.0,0.0018672943,0.0,0.00038909912,0.011475563,0.011730194,0.0,0.008889198,0.0024757385,0.0026893616,0.009041786,0.0,0.00030612946,0.031243324,0.016964912,0.0011224747,0.005490303
0.0023241043,0.0123205185,0.0029830933,0.043232918,0.0052843094,0.0023841858,0.0,0.01593399,0.0,0.034116745,0.013207436,0.007276535,0.0050935745,0.01399231,0.005812645,0.0,0.007505417,0.0066604614,0.0,0.0,0.0010910034,0.010304451,0.01332283,0.0020523071,0.0,0.0,0.012036324,0.0,0.0,0.0,0.0,0.0,0.16317081,0.18135738,0.11630154,0.20113945,0.2277422,0.23722172,0.23943138,0.2732973,0.0,0.0,0.0,0.0,0.00034618378,0.0,0.0,0.0,0.0,0.0,0.0,0.0004272461,0.0,0.0,0.0,0.009093285,0.001282692,0.0047512054,0.00094127655,0.0019731522,0.0,0.005138397,0.00880146,0.0,0.017632484,0.013188362,0.0,0.0
0.00019836426,0.0030727386,5.6266785e-05,0.0009775162,0.0039367676,0.00075149536,0.0003004074,0.007901192,0.0,0.0020780563,0.0022668839,0.0009870529,0.0,0.0,0.0,0.0,0.0,0.0,0.0,0.0,0.0,0.00030994415,0.0,0.0,0.0,0.0062150955,0.017687798,0.0106573105,0.009151459,0.0052194595,0.0,0.0,0.2387991,0.102318764,0.11072636,0.17110348,0.18194485,0.19289303,0.20550346,0.1415596,0.011984825,0.0,0.0,0.024878502,0.018554688,0.0,0.0007305145,0.0,0.0,0.0,0.0,0.0,0.0,0.00019550323,0.0,0.0,0.013353348,0.012160301,0.0016098022,0.00876236,0.008722305,0.017313957,0.0043029785,0.00538826,0.014950752,0.0,0.0,0.0
0.0016679764,0.0014266968,0.0016336441,0.005833626,0.0035476685,0.0008420944,0.004925728,0.0069437027,8.773804e-05,0.008824348,0.000104904175,0.0032339096,0.0,0.00071811676,0.0015716553,0.00046157837,0.0,0.0,0.0,0.0,0.0,0.0,0.0,0.0,0.0,0.010058403,0.012634277,0.0037183762,0.010839462,0.015062332,0.0029478073,0.0,0.17403507,0.10086632,0.070884705,0.20127201,0.1561861,0.24154663,0.24037361,0.1324768,0.012681961,0.00023555756,0.00065231323,0.0075473785,0.0032835007,0.0,0.00016307831,0.0037603378,0.0012617111,0.0,0.00013542175,0.0,0.0,0.00025081635,0.00096321106,0.0011987686,0.003443718,0.0062475204,0.0078115463,0.0075998306,0.0,0.0007638931,0.0062732697,0.0014295578,0.030471802,0.0,0.0023975372,0.0
0.04536438,0.022120476,0.010769844,0.024107933,0.013617516,0.009285927,0.018479347,0.028113365,0.17183018,0.0,0.0,0.0,0.0,0.0,0.0052490234,0.15555763,0.0005378723,0.0,0.0,0.00033473969,0.00032043457,0.0003671646,0.023227692,7.8201294e-05,0.0032215118,0.041492462,0.024207115,0.002521515,0.008068085,0.009138107,0.004542351,0.0,0.017113686,0.022772789,0.030924797,0.009591103,0.026734352,0.026441574,0.009607315,0.00593853,0.20688248,0.2711811,0.25721455,0.25431538,0.19915771,0.15022373,0.25059986,0.20291328,0.0,0.0,0.0,0.0,0.0,0.0,0.0,0.0,0.0,0.013421059,0.030218124,0.021674156,0.0028419495,0.11179924,0.035360336,0.0,0.02440834,0.0,0.015727043,0.05219364
0.011487961,0.002866745,0.0,0.0075969696,0.01120472,0.0007047653,0.0,0.0014438629,0.12482357,0.0065717697,0.0012893677,0.013270378,0.017251015,0.004301071,0.07623005,0.15837097,0.0,0.0,9.918213e-05,5.8174133e-05,0.0,0.0,0.0008773804,0.0,0.003191948,0.098721504,0.08899784,0.011844635,0.00989151,0.02116394,0.019070625,0.0018892288,0.0,8.106232e-05,0.0014781952,0.0,0.001127243,0.0,0.0,0.001619339,0.030654907,0.15511036,0.16900444,0.05988598,0.0071058273,0.09744167,0.218009,0.021531105,0.0,0.0,0.0,0.0,0.0,0.0,0.0023965836,0.0,0.0023288727,0.07652283,0.07512665,0.078783035,0.010151863,0.09611511,0.08061981,0.012227058,0.0019054413,0.00030899048,0.0,0.05598831
0.0030097961,0.0013523102,0.0,0.0045366287,0.005756378,0.0005540848,0.00031375885,0.0012550354,0.13267136,0.011286736,0.0028009415,0.011474609,0.016224861,0.0033216476,0.054424286,0.19381237,0.0,0.0,0.0,0.0,0.0,0.0,0.0,0.0,0.0072431564,0.08022308,0.06105423,0.017780304,0.015447617,0.025512695,0.02339077,0.0019664764,0.00037765503,0.0032052994,0.004547119,0.0,0.0030155182,0.005804062,0.0010557175,0.003777504,0.0012264252,0.13507271,0.2231121,0.015008926,0.0,0.030478477,0.19089699,0.00047969818,0.0,0.0031108856,0.0,0.0,0.0,0.0,0.0029830933,0.00016880035,0.0203619,0.05117798,0.05687046,0.07015419,0.020238876,0.10130119,0.08270645,0.026374817,0.002087593,0.0,0.0,0.048879623
0.026729584,0.01335907,0.012579918,0.04316616,0.036413193,0.0037088394,0.0050086975,0.030552864,0.12268448,0.017310143,0.0031280518,0.009092331,0.01745224,0.0033140182,0.056246758,0.10068798,3.0517578e-05,0.0,0.0,0.0,0.0002040863,5.8174133e-05,0.002117157,0.0,0.056096077,0.04246998,0.049860954,0.064126015,0.045963287,0.03289795,0.038295746,0.018556595,0.0128593445,0.022511482,0.037654877,0.019246101,0.01940155,0.022715569,0.0046577454,0.0065584183,0.099630356,0.17425442,0.22288322,0.19803905,0.088599205,0.063349724,0.24401379,0.09878731,0.0,0.0,0.0,0.0,0.0,0.0,0.0,0.0,0.0,0.017181396,0.022260666,0.021848679,0.0058021545,0.06425285,0.026334763,0.001982689,0.014183044,0.0,0.00025844574,0.013545036
0.04523754,0.013607979,0.037085533,0.019454956,0.040046692,0.021596909,0.03232956,0.014110565,0.14382935,0.0,0.0,0.00072288513,0.0,0.0,0.0039577484,0.15222263,0.0005493164,0.0,0.00074481964,0.00018119812,0.0011091232,0.00019550323,0.006539345,0.0006303787,0.002603531,0.010732651,0.0066576004,0.0063171387,0.0013866425,0.00066947937,0.0008907318,0.0014352798,0.025716782,0.030621529,0.014326096,0.02001667,0.04262638,0.0276165,0.04232788,0.015246391,0.18248272,0.19989204,0.29008198,0.24922657,0.17016125,0.1777134,0.22022533,0.17855549,0.0,0.0,0.0,0.00021743774,0.0,0.0,0.0,9.536743e-06,0.005247116,0.0,0.0035295486,0.0014038086,0.00084781647,0.048793793,0.0034217834,0.0,0.014490128,0.0,0.011223793,0.0073099136
0.009562492,0.0,0.0,0.002814293,0.012971878,0.0012741089,0.0007648468,0.0,0.21485615,0.0027580261,0.0,0.0068454742,0.019862175,0.0037059784,0.05651188,0.24682999,0.0,0.0,0.0,0.0,0.0,0.0012292862,0.036660194,0.0,0.0,0.01695633,0.008674622,0.0,0.00041866302,0.0076093674,0.0,0.0,0.0,0.0059537888,0.0029735565,0.00258255,0.00459671,0.0024061203,6.389618e-05,0.003206253,0.10539913,0.27268124,0.31954575,0.12904835,0.0732584,0.2198782,0.35265255,0.088127136,0.0005931854,0.0,0.0,0.0005083084,0.0,0.0,0.015199661,0.0,0.0,0.004383087,0.014976501,0.009449959,0.0,0.07307339,0.0279665,0.0,0.0,1.9073486e-06,0.028997421,0.016112328
0.005443573,0.003537178,0.0,0.013185501,0.017906189,0.0008420944,0.00081157684,0.005935669,0.14228725,0.023602486,0.008073807,0.018499374,0.030691147,0.010025978,0.05942726,0.20615101,0.0005502701,0.00016021729,0.00036907196,0.00048542023,0.00036907196,0.0005607605,0.0019140244,0.0006875992,0.0014190674,0.062343597,0.073376656,0.0054092407,0.0116586685,0.015794754,0.011569023,0.0,0.0,0.012850761,0.011927605,0.0025720596,0.003080368,0.0053539276,0.0014677048,0.0036878586,0.008350372,0.12968731,0.14856148,0.0151491165,0.0018072128,0.045492172,0.24494839,0.00356102,0.0,0.0,0.0,0.0,0.0,0.0003271103,0.0013113022,0.0,0.0046453476,0.077067375,0.072766304,0.051439285,0.0063638687,0.1243391,0.082613945,0.014939308,0.00086307526,1.6212463e-05,4.863739e-05,0.061009407
0.00885582,0.010211945,0.0,0.012028694,0.0,0.0,0.0038881302,0.0065898895,0.05125141,0.0003194809,0.0,0.002076149,0.004340172,0.0002450943,0.035538673,0.067100525,0.0,0.0,0.00024795532,0.00035953522,0.00023460388,0.0,0.029561996,0.000113487244,0.0152750015,0.07326412,0.045193672,0.024518967,0.017313004,0.016925812,0.014849663,0.0018777847,0.019259453,0.025159836,0.023852348,0.027831078,0.024920464,0.016487122,0.015827179,0.011185646,0.13799286,0.17714024,0.1551733,0.22671223,0.07117367,0.119026184,0.17378235,0.18035507,0.0,0.0,0.0,0.0,0.0,0.0,0.0,0.0,0.006128311,0.033846855,0.042087555,0.041789055,0.012926102,0.07863903,0.049840927,0.002743721,0.016181946,0.0,0.0,0.043530464
0.0,0.0,0.0,0.0,0.0,0.0,0.0,0.0,0.0,0.0002861023,0.00065231323,0.0007762909,0.000875473,0.00083732605,0.0012187958,0.0,0.052479744,0.05708027,0.019111633,0.033470154,0.014699936,0.05765438,0.03892994,0.028342247,0.048294067,0.01520443,0.015940666,0.02537632,0.0820322,0.05313778,0.05776882,0.043507576,0.0034732819,0.0,8.010864e-05,0.0028038025,0.0034999847,0.0008878708,0.0031318665,0.0032043457,0.009191513,0.0,0.0,0.004743576,0.0,0.00011920929,0.0,0.0049648285,0.23132896,0.21428013,0.09739113,0.26088142,0.10771561,0.15712929,0.1967659,0.12325287,0.0,0.0008068085,0.0024709702,0.00091552734,0.0,0.0,0.0,0.0,0.0,0.022294044,0.02161026,0.0042304993
0.0009889603,0.0,0.0,0.0,0.0,0.0,0.00084400177,0.0,0.0,0.001420021,0.0001373291,0.0038080215,0.0008087158,0.0028352737,0.00244236,0.0,0.13757515,0.13646698,0.059135437,0.0965929,0.07746601,0.14649677,0.0771637,0.0700922,0.06943321,0.00849247,0.008616447,0.030488968,0.052020073,0.07147217,0.089645386,0.04419899,0.004303932,0.0,0.0,0.0,0.0,0.0001039505,0.0,0.00045967102,0.008044243,0.0,0.0,0.0,0.0030202866,0.008857727,0.0,0.016566277,0.15417576,0.15229607,0.120215416,0.29276085,0.16420937,0.18384647,0.20063591,0.15860653,0.0021629333,0.0,0.0,0.0,0.0,0.006249428,0.0,0.0,0.0,0.050387383,0.042640686,0.00024986267
0.0022945404,0.0,0.0,0.00053215027,0.0,0.0,0.0,0.00027370453,0.0,0.0024871826,0.0,0.0054512024,0.0007095337,0.00299263,0.0017356873,0.0,0.058187485,0.097252846,0.042775154,0.046931267,0.054634094,0.06764603,0.021907806,0.05491543,0.08679676,0.004925728,0.0,0.045892715,0.069833755,0.042503357,0.023753166,0.1254301,0.026360512,0.002155304,0.0,0.002957344,0.00085639954,0.0031967163,0.0077171326,0.0018091202,0.0,0.0011205673,0.0,0.0,0.002038002,0.0,0.0001077652,0.0022659302,0.3082676,0.3061266,0.22015095,0.32628536,0.26364136,0.22504902,0.22185326,0.19189548,0.0,0.0,0.0,0.0,0.0,0.0,0.0,0.0,0.00070667267,0.06318188,0.01665783,0.0017442703
0.0,0.0,0.0,0.0,0.0,0.0025615692,0.0,0.0,0.0,0.0022535324,0.0002565384,0.0008716583,0.000626564,0.0027332306,0.0028896332,0.0,0.11590481,0.14621353,0.072154045,0.112799644,0.06506348,0.12576962,0.15092564,0.06374836,0.022389412,0.005634308,0.0,0.0039930344,0.052513123,0.039339066,0.04502487,0.018507004,0.004085541,0.0,0.0014915466,0.0012788773,0.0018939972,0.006450653,0.0043439865,0.006005287,0.0,0.0,0.0,0.0,0.0,0.011190414,0.0,0.030747414,0.07996845,0.06778717,0.006606102,0.22953129,0.07624531,0.032859802,0.09457302,0.105648994,0.00026988983,0.00070762634,0.0,0.0018634796,0.00034713745,0.009032249,0.0020523071,0.0,0.0005941391,0.013436317,0.045484543,0.0
0.0,0.0,0.0,0.0,0.0,0.0,0.0,0.0,0.000113487244,0.0024147034,0.0018291473,0.0,0.00051498413,0.0022010803,0.0028057098,0.0,0.09250736,0.099677086,0.06668186,0.06824589,0.04633236,0.10960102,0.093276024,0.06920242,0.06985092,0.024756432,0.019595146,0.024518013,0.07572079,0.070075035,0.05036068,0.04919529,0.001537323,3.71933e-05,6.67572e-05,0.0,0.0,0.003809929,0.0003042221,0.00017738342,0.0032510757,0.0,0.00032138824,0.0,0.0,0.0046987534,0.0002861023,0.011003494,0.14412022,0.2100668,0.10798359,0.18091679,0.15769577,0.16825485,0.20704365,0.1470604,0.0,0.00076007843,0.0033960342,0.0,0.0,0.0,0.0004606247,0.0,0.0013055801,0.043750763,0.039936066,0.0050735474
0.005212784,0.0006275177,0.006424904,0.0002193451,0.0,0.01318264,0.0021009445,4.673004e-05,0.0,0.0005865097,0.0,0.0017528534,0.00067043304,0.00039958954,0.0,0.0,0.08372021,0.12617493,0.061841965,0.13622856,0.089818954,0.16807747,0.06685829,0.06605244,0.04207611,0.0,0.0,0.01209259,0.06268692,0.058748245,0.062410355,0.023504257,0.008023262,0.00082969666,0.0015335083,0.0020637512,0.00028324127,0.003250122,0.006116867,0.008841515,0.0,7.343292e-05,0.000102996826,0.0,0.0015821457,0.0,0.0,0.0065488815,0.14310837,0.17945671,0.068427086,0.19022751,0.11279392,0.07691288,0.14214611,0.15293312,0.0,0.0,0.0,0.0,0.0,0.0,0.0,0.0,0.019842148,0.05307293,0.022005081,0.0
0.0031080246,0.002240181,0.00088977814,0.004286766,0.0,0.0028619766,0.00024986267,0.00041294098,0.0014781952,0.0,0.0,0.00037574768,0.000664711,0.0,0.002418518,0.0026340485,0.12670231,0.13839054,0.0828228,0.10508156,0.066477776,0.1693306,0.14007473,0.11406422,0.04564476,0.031995773,0.021489143,0.03086567,0.0539093,0.0742569,0.04881382,0.032029152,0.001909256,0.0017690659,0.0040359497,0.0,0.0,0.0042819977,0.00092315674,0.0,0.003780365,0.0016670227,0.00065898895,0.0007791519,0.0,0.009468079,0.0059728622,0.014001846,0.11543369,0.13370323,0.042671204,0.22330093,0.11669922,0.0933733,0.13396263,0.17416382,0.0033216476,0.027986526,0.019890785,0.015546799,0.00062942505,0.015420914,0.0189085,0.00032043457,0.0029411316,0.03535843,0.01914215,0.018007278
0.03207779,0.03851509,0.032711983,0.03765583,0.033486366,0.060741425,0.014799118,0.05880356,9.6321106e-05,0.0006427765,0.0,0.0019168854,0.0022611618,0.0025558472,0.001991272,0.0,0.17533875,0.23540974,0.13947582,0.2359438,0.15470982,0.30690098,0.25020885,0.1467371,0.01189518,0.0,0.0,0.002213478,0.019927979,0.037111282,0.026179314,0.0020570755,0.0063381195,0.02875042,0.044077873,0.0018787384,0.008929253,0.010140419,0.0148591995,0.0070533752,0.0,0.0,7.247925e-05,0.0,0.0004339218,0.0,0.0,0.010102272,0.094426155,0.12081051,0.028385162,0.20125675,0.08931446,0.09897232,0.1329441,0.25019836,0.0,0.0,0.0,0.0,0.0,0.0,0.0,0.0,0.0056877136,0.08512211,0.028618813,0.0
0.002617836,0.0019378662,0.0028629303,0.0033025742,0.003745079,0.004220009,0.00020503998,0.0014400482,0.0,0.00024223328,0.0016212463,3.2424927e-05,0.0,0.00016498566,0.0,0.0,0.004921913,0.010324478,0.004717827,5.8174133e-05,0.0008201599,0.013290405,0.01050663,0.0,0.0,0.070129395,0.052005768,0.014978409,0.0,0.0,0.0,0.003961563,0.05227852,0.039972305,0.041807175,0.03556919,0.0368433,0.05994129,0.022914886,0.032823563,0.011300087,0.0,0.0,0.0015773773,0.0,0.0046892166,0.0,0.037617683,0.0016059875,0.0,0.0,0.0017633438,0.0,0.0,0.0,0.0069904327,0.17225266,0.14146233,0.14261341,0.123122215,0.09983158,0.088552475,0.13930035,0.11955261,0.0003376007,0.0,0.013271332,0.034543037
0.00074481964,0.00069236755,0.00065135956,0.0029535294,0.0019102097,0.00049877167,0.0,0.0015974045,0.002749443,0.0,0.008799553,0.0,0.0015773773,0.0005979538,0.0057048798,0.0027122498,0.001572609,0.0,0.0,0.0,0.0,0.0,0.0035619736,0.0,0.034724236,0.14879894,0.13876343,0.05291176,0.0073099136,0.027752876,0.036697388,0.03126049,0.044239044,0.051847458,0.03742218,0.07440376,0.048088074,0.114245415,0.035212517,0.099663734,0.0,0.000705719,0.0041160583,0.0,0.0,0.0,0.0,0.0,0.0,0.0,0.0,0.0,0.0,0.0,0.0,0.0,0.11876869,0.21223927,0.13571453,0.14662933,0.09953976,0.06509495,0.15007687,0.09855175,0.009228706,0.0075683594,0.0,0.047468185
0.002869606,0.0021848679,0.004921913,0.0036182404,0.0035791397,0.0058670044,0.0018939972,0.008780479,0.0026435852,0.0,0.00094127655,0.0,1.04904175e-05,4.9591064e-05,0.0016841888,0.0038461685,0.014148712,0.022193909,0.005344391,0.025718689,0.0052871704,0.02922535,0.04026127,0.0077114105,0.022837639,0.17732048,0.17050934,0.055830956,0.034654617,0.031033516,0.036190033,0.01569271,0.013195038,0.03499794,0.03225708,0.02787304,0.026776314,0.0626688,0.034768105,0.031964302,0.0,0.0,0.0015945435,0.0,0.0,0.0,0.00269413,0.00025558472,0.0,0.0,0.0,0.0,0.0,0.0,0.0,0.023961067,0.116968155,0.24497318,0.11784744,0.16070366,0.061545372,0.08839512,0.19180965,0.10526848,0.0019550323,0.003493309,1.1444092e-05,0.08622742
0.0031204224,0.006752968,0.011200905,0.028452873,0.0036945343,0.0036411285,0.0019903183,0.019091606,0.0,0.0,0.0,0.0,0.0,0.0,0.0022850037,0.006978035,0.00022792816,0.005586624,0.0,0.0,0.0,0.0040225983,0.0018396378,0.0,0.032776833,0.17791653,0.17745209,0.07186127,0.050535202,0.06668854,0.06295872,0.05242634,0.04348278,0.061712265,0.07744312,0.06717682,0.047688484,0.09634495,0.06855583,0.049100876,0.0,0.0016546249,0.0,0.0,0.0,0.0,0.003071785,0.0,0.015237808,0.01236248,0.0002641678,0.0,0.0069322586,0.0042877197,0.015035629,0.014108658,0.105223656,0.20875359,0.17891979,0.14481068,0.120018005,0.07700348,0.22230244,0.0915823,0.0048618317,0.025091171,0.0,0.057286263
0.0064058304,0.004057884,0.0037612915,0.012843132,0.0042648315,0.0025587082,0.0015583038,0.011957169,0.0,0.0,0.0,0.0,0.0,0.0,8.201599e-05,0.0,0.0,0.0007362366,0.0,0.0,0.0,0.0009365082,0.00040531158,8.201599e-05,0.016140938,0.111982346,0.14534092,0.054742813,0.011105537,0.01335907,0.0095825195,0.026659012,0.042765617,0.031025887,0.033499718,0.0189085,0.037077904,0.0594244,0.028244019,0.036268234,0.0014877319,0.0,0.0,0.0,0.0,0.0,0.0,0.0075149536,0.0,0.0,0.0,0.0,0.0,0.0,0.0,0.0007619858,0.18116093,0.20177269,0.19490147,0.20246601,0.1947031,0.13730335,0.103609085,0.19831562,0.0073804855,0.0,0.0,0.09517193
0.00026798248,0.0,0.001080513,0.013547897,0.0039491653,0.0011539459,0.0020341873,0.0066833496,0.068024635,0.00028324127,0.0,0.001115799,0.017119408,0.0,0.031570435,0.072880745,0.0,0.00015544891,0.0,0.0,0.0,0.0,0.005311966,0.0,0.009656906,0.14015007,0.1377182,0.009087563,0.005470276,0.0002975464,0.009391785,0.012426376,0.0016613007,0.014611244,0.01216507,0.010605812,0.005338669,0.022443771,0.005326271,0.0061397552,0.016386032,0.06888771,0.08646107,0.020290375,0.00010681152,0.025993347,0.122226715,0.018929482,0.0,0.0,0.0,0.0,0.0,0.0,0.0,0.0,0.16224766,0.17098522,0.14774895,0.13210583,0.16415977,0.18144321,0.14078522,0.1307373,0.0041275024,0.0,0.0,0.072426796
0.001619339,0.00689888,0.0055332184,0.017469406,0.0009870529,0.0052480698,0.0007324219,0.010509491,0.0,0.00022506714,0.0,0.0,0.0007457733,0.0,0.00069999695,0.002614975,0.008172989,0.02666378,0.0007419586,0.005326271,0.0,0.015207291,0.015203476,0.00029945374,0.019050598,0.17758083,0.23034096,0.071211815,0.043109894,0.046907425,0.050024986,0.031047821,0.032684326,0.05616665,0.045282364,0.037309647,0.04028797,0.09297371,0.048384666,0.07080364,0.0,0.0,0.003575325,0.0,0.0,0.0,0.0,0.0,0.0020723343,0.006433487,0.0,0.0,0.004424095,0.0025377274,0.009649277,0.019313812,0.13799572,0.21556568,0.15283394,0.18490219,0.117367744,0.08039665,0.20467758,0.13259411,0.014914513,0.025357246,0.0,0.05139351
0.0022087097,0.0074472427,0.008478165,0.017075539,0.00212574,0.003446579,0.00011730194,0.0133628845,0.0,0.0,0.0,0.00030612946,6.198883e-05,4.673004e-05,0.00014781952,0.0012140274,0.0,0.0033721924,0.0,0.0,0.0,0.005887985,0.0012044907,0.0,0.023272514,0.1262312,0.12740612,0.067082405,0.04445553,0.040554047,0.039251328,0.042482376,0.020834923,0.02575016,0.04851818,0.04869747,0.032701492,0.06876087,0.034638405,0.015478134,0.0,0.00011444092,0.0005722046,0.0,0.0,0.0,0.0006570816,0.0,0.0033464432,0.004494667,0.0,0.0,0.0,0.0,0.0007047653,0.00810051,0.14174175,0.16161728,0.13051796,0.16671848,0.13457012,0.08067417,0.124274254,0.12486935,0.004585266,0.003914833,0.0,0.06471157
0.11205864,0.20053673,0.10215473,0.15016842,0.068089485,0.11988735,0.092811584,0.17351246,0.0046930313,0.002117157,0.0,0.0010461807,0.0010156631,0.00041103363,0.0,0.0056705475,0.0,0.021172523,0.0,0.0021047592,0.0008535385,0.028352737,0.021566391,0.001159668,0.008836746,0.049173355,0.038977623,0.05234623,0.009047508,0.010671616,0.012378693,0.00497818,0.050992966,0.13039875,0.1785965,0.061246872,0.032964706,0.14186192,0.048519135,0.056401253,0.00091552734,0.010255814,0.020708084,0.015343666,0.001247406,0.0035171509,0.024339676,0.006583214,0.0,0.0,0.0,0.0,0.0,0.0,0.0,0.023973465,0.016151428,0.037213326,0.054930687,0.054058075,0.009196281,0.042554855,0.038443565,0.034223557,0.10043621,0.06354046,0.0023202896,0.027876854
0.05589485,0.106822014,0.078611374,0.05009842,0.03644848,0.13233566,0.07768345,0.09098244,0.0,0.015748978,0.002530098,0.024900436,0.00541687,0.005285263,0.0018367767,0.0,0.1495552,0.30774212,0.16757584,0.19653034,0.21200371,0.2813158,0.1467619,0.21261597,0.061810493,0.031624794,0.030042648,0.065457344,0.059862137,0.11563492,0.06846714,0.049630165,0.0,0.04768181,0.048204422,0.0036735535,0.0,0.0,0.0011491776,0.0078058243,0.0,0.0,0.0,0.0,0.0,0.0,0.0,0.0,0.057261467,0.10798359,0.033226967,0.06416035,0.061141968,0.087924,0.080599785,0.24755192,0.0,0.0043210983,0.015813828,0.018877983,0.00017547607,0.0,0.0066690445,0.0030021667,0.07184124,0.23088169,0.0011291504,0.025953293
0.0004787445,0.0,0.0,0.0,0.00078868866,0.0046195984,0.004876137,0.0,0.22583771,0.0,6.0081482e-05,0.012228966,0.021536827,0.014928818,0.09230709,0.13637543,0.073872566,0.032572746,0.05803871,0.042312622,0.08547878,0.03717327,0.102908134,0.05833435,0.0,0.018013,0.014186859,0.0,0.0,0.019815445,0.0,0.0,0.00040721893,0.000998497,0.0,0.0058927536,0.008336067,0.0,0.0,0.0,0.14946556,0.3478384,0.22539234,0.13794327,0.15998363,0.2572956,0.19744396,0.2202425,0.0,0.0,0.0,0.013804436,0.0,0.0,0.023568153,0.00020694733,0.007855415,0.03520775,0.053180695,0.036468506,0.0068826675,0.11646557,0.04642296,0.003484726,0.0075035095,0.0,0.21533394,0.072649956
0.003361702,0.010099411,0.005921364,0.010284424,0.007077217,0.0035886765,0.006811142,0.010494232,0.017209053,0.0,0.0,0.0,0.0,0.0,0.0023126602,0.023960114,0.0016908646,0.0029268265,0.0,0.0,0.00019741058,0.005897522,0.0056877136,0.0,0.08262062,0.18882847,0.1881733,0.12439442,0.06547737,0.065953255,0.05849552,0.08208084,0.012390137,0.034166336,0.034404755,0.047945976,0.027765274,0.045570374,0.027824402,0.033700943,0.00034236908,0.028491974,0.016292572,0.00740242,0.0003376007,0.007226944,0.038290977,0.00091838837,0.0,0.0048627853,0.0,6.389618e-05,0.0075206757,0.003121376,0.02439022,0.010177612,0.11638546,0.13549137,0.19727993,0.17246246,0.089606285,0.12274456,0.116708755,0.13473034,0.025697708,0.009911537,0.0,0.11101055
