,ROI0,ROI1,ROI2,ROI3,ROI4,ROI5,ROI6,ROI7,ROI8,ROI9,ROI10,ROI11,ROI12,ROI13,ROI14,ROI15,ROI16,ROI17,ROI18,ROI19,ROI20,ROI21,ROI22,ROI23,ROI24,ROI25,ROI26,ROI27,ROI28,ROI29,ROI30,ROI31,ROI32,ROI33,ROI34,ROI35,ROI36,ROI37,ROI38,ROI39,ROI40,ROI41,ROI42,ROI43,ROI44,ROI45,ROI46,ROI47,ROI48,ROI49,ROI50,ROI51,ROI52,ROI53,ROI54,ROI55,ROI56,ROI57,ROI58,ROI59,ROI60,ROI61,ROI62,ROI63
ROI0,0.003509521484375,0.0059795379638671875,0.011416435241699219,0.007091522216796875,0.013538360595703125,0.0019245147705078125,0.007496833801269531,0.014775276184082031,0.0016222000122070312,0.0012273788452148438,0.0,0.0,0.0,0.0,0.00014019012451171875,0.0007801055908203125,0.0023450851440429688,0.0,0.0028514862060546875,0.0037603378295898438,0.0038299560546875,0.002574920654296875,0.011102676391601562,0.004673004150390625,0.0025815963745117188,0.0063838958740234375,0.0010404586791992188,0.0018825531005859375,0.00165557861328125,0.0022821426391601562,0.0017633438110351562,0.0029430389404296875,0.0,0.009671211242675781,0.00545501708984375,0.0,0.0,0.0019845962524414062,0.0040130615234375,0.0,0.0,0.0035238265991210938,0.0005273818969726562,0.0,0.0,0.003570556640625,0.0,0.0014486312866210938,0.0,0.0,0.0,0.0,0.0,0.0,0.0,0.0022983551025390625,0.005657196044921875,0.011979103088378906,0.0076808929443359375,0.006583213806152344,0.011735916137695312,0.004769325256347656,0.0058765411376953125,0.00144195556640625
ROI1,0.0016450881958007812,0.0045413970947265625,0.0031452178955078125,0.007168769836425781,0.004881858825683594,0.0013780593872070312,0.003978729248046875,0.014000892639160156,0.0,0.0,0.0,0.0,0.0,0.0,0.0,0.00030612945556640625,0.0027379989624023438,0.006161689758300781,0.0005884170532226562,0.0009212493896484375,0.003912925720214844,0.00321197509765625,0.009644508361816406,0.001129150390625,0.0,0.0041790008544921875,0.005413055419921875,0.0021715164184570312,0.00096893310546875,0.0059375762939453125,0.0011243820190429688,0.0026378631591796875,0.0,0.007918357849121094,0.0032339096069335938,0.0,0.0,0.0069732666015625,0.0,0.0,0.0,0.00323486328125,0.0,0.0009374618530273438,0.0,0.0016727447509765625,0.0,0.00046443939208984375,0.0,0.0,0.0,0.0031290054321289062,0.0,0.001583099365234375,0.0,0.00479888916015625,0.0058269500732421875,0.012472152709960938,0.00983428955078125,0.009840965270996094,0.00910186767578125,0.004322052001953125,0.0075740814208984375,0.00616455078125
ROI2,0.01852893829345703,0.0017385482788085938,0.0093994140625,0.01571369171142578,0.007401466369628906,0.012307167053222656,0.002964019775390625,0.013580322265625,0.0,0.0,0.0,0.0,0.0,0.0,0.0009164810180664062,0.00012969970703125,0.0054473876953125,0.0034952163696289062,0.0034809112548828125,0.0008249282836914062,0.0039539337158203125,0.00722503662109375,0.0042591094970703125,0.0042781829833984375,0.0008096694946289062,0.0021486282348632812,0.004668235778808594,0.0036592483520507812,0.0008487701416015625,0.0043315887451171875,0.00048828125,0.0025272369384765625,0.0,0.011652946472167969,0.009832382202148438,0.0019617080688476562,0.000152587890625,0.004535675048828125,0.0020847320556640625,0.001194000244140625,0.0,0.0008373260498046875,0.0008392333984375,0.0,0.0,4.76837158203125e-06,0.001110076904296875,0.001834869384765625,0.0,0.0,0.0,0.0,0.0,0.0,5.054473876953125e-05,0.007504463195800781,0.003917694091796875,0.006735801696777344,0.0065479278564453125,0.0035181045532226562,0.008486747741699219,0.003871917724609375,0.010334014892578125,0.0022449493408203125
ROI3,0.0030956268310546875,0.009633064270019531,0.0,0.0032100677490234375,0.004488945007324219,0.0035772323608398438,0.0022439956665039062,0.0031795501708984375,0.0,0.0002155303955078125,0.0,0.0,0.0,0.0,0.0,0.0006771087646484375,0.005190849304199219,0.0032892227172851562,0.00025272369384765625,0.0,0.0003662109375,0.0,0.0036458969116210938,0.0019006729125976562,0.0017185211181640625,0.005282402038574219,0.007533073425292969,0.0,0.0028886795043945312,0.0029783248901367188,0.0010089874267578125,0.0,0.0013170242309570312,0.0031070709228515625,0.0045452117919921875,0.002197265625,0.0,0.0010585784912109375,0.0,0.00095367431640625,0.0010967254638671875,0.0006895065307617188,0.0003070831298828125,0.0006475448608398438,0.0,0.0,0.00046634674072265625,0.003971099853515625,0.0,0.0,0.0,0.0,0.0,0.00040340423583984375,0.0012826919555664062,0.0009765625,0.0054931640625,0.0023250579833984375,0.010135650634765625,0.004395484924316406,0.00414276123046875,0.002536773681640625,0.0052394866943359375,0.0028047561645507812
ROI4,0.0007867813110351562,0.006839752197265625,0.0007867813110351562,0.0008382797241210938,0.0007839202880859375,0.002834320068359375,0.0026216506958007812,0.0048770904541015625,0.001148223876953125,0.0,0.0,0.0016345977783203125,0.0008077621459960938,0.0014734268188476562,0.003467559814453125,0.0017747879028320312,0.0019779205322265625,0.0046443939208984375,0.0029249191284179688,8.58306884765625e-06,0.0038242340087890625,0.00276947021484375,0.008566856384277344,0.0,0.0029382705688476562,0.0025157928466796875,0.004158973693847656,0.0018548965454101562,0.0039730072021484375,0.006548881530761719,0.003437042236328125,0.005030632019042969,0.0009260177612304688,0.011990547180175781,0.008061408996582031,0.0013780593872070312,0.0,0.004009246826171875,0.0007505416870117188,0.00030040740966796875,0.0,0.0006246566772460938,0.001262664794921875,0.0,0.0,0.0,0.0,0.0030488967895507812,0.0,0.0,0.0,0.0,0.0,0.0,0.0,0.006981849670410156,0.0032796859741210938,0.0038251876831054688,0.0032291412353515625,0.0017366409301757812,0.0021219253540039062,0.003265380859375,0.006773948669433594,0.003017425537109375
ROI5,0.005894660949707031,0.005944252014160156,0.0022449493408203125,0.013004302978515625,0.004115104675292969,0.007724761962890625,0.0,0.005145072937011719,0.00018024444580078125,0.0,0.0026073455810546875,0.0,0.0,0.0,0.000148773193359375,0.0012979507446289062,0.006062507629394531,0.003926277160644531,0.0,0.0020952224731445312,0.0022783279418945312,0.0,0.0054836273193359375,0.006169319152832031,0.00087738037109375,0.0020742416381835938,0.006927490234375,0.004153251647949219,0.00037097930908203125,0.0,0.0,0.0028657913208007812,0.0,0.011832237243652344,0.0011491775512695312,0.0,0.0,0.0009670257568359375,0.0,0.0,0.0,0.0006999969482421875,0.00043582916259765625,0.0,0.0,0.001125335693359375,0.0005636215209960938,0.0,0.0,0.0,0.0,0.0,0.0,0.0,0.0,0.0014781951904296875,0.0033254623413085938,0.0026617050170898438,0.007710456848144531,0.001583099365234375,0.005181312561035156,0.00449371337890625,0.0028467178344726562,0.0065288543701171875
ROI6,0.004118919372558594,0.012127876281738281,0.007946968078613281,0.007822036743164062,0.012764930725097656,0.010717391967773438,0.004561424255371094,0.0058956146240234375,0.0010814666748046875,0.0,0.0,0.0,0.000820159912109375,0.00042438507080078125,0.0,0.0037174224853515625,0.005623817443847656,0.011797904968261719,0.0059299468994140625,0.00033664703369140625,0.0034542083740234375,0.0012598037719726562,0.0019683837890625,0.0009679794311523438,0.00214385986328125,0.008105278015136719,0.0014162063598632812,0.0,0.0018835067749023438,0.004321098327636719,0.0001583099365234375,0.0042819976806640625,0.0,0.006703376770019531,0.011124610900878906,0.0005197525024414062,0.0,0.0008687973022460938,0.0,0.0,0.0,0.0010280609130859375,0.000545501708984375,0.0,0.0,0.0007677078247070312,0.0021619796752929688,0.0014171600341796875,0.0,0.0,2.574920654296875e-05,0.0,0.0,0.0,0.0,0.0032138824462890625,0.006342887878417969,0.0037221908569335938,0.009891510009765625,0.004675865173339844,0.00070953369140625,0.008604049682617188,0.00467681884765625,0.005883216857910156
ROI7,0.0042743682861328125,0.0010194778442382812,0.005969047546386719,0.0067958831787109375,0.004134178161621094,0.006880760192871094,0.0029039382934570312,0.007708549499511719,0.0,0.0,0.0,0.0,0.0,0.0,0.0,0.0,0.00012683868408203125,0.006466865539550781,0.0016155242919921875,0.0024557113647460938,0.0032167434692382812,0.0052318572998046875,0.0048618316650390625,0.001514434814453125,0.00018024444580078125,0.008212089538574219,0.0025720596313476562,0.0014352798461914062,0.0,0.001617431640625,0.0017414093017578125,0.0024232864379882812,0.0,0.004092216491699219,0.00788116455078125,0.000377655029296875,0.0,0.0014801025390625,0.0,0.0,0.0,0.002346038818359375,0.0,0.0,0.0,0.0,0.0019779205322265625,0.0023050308227539062,0.000331878662109375,0.0,0.0,0.0,0.0,0.0,0.0,0.0018768310546875,0.006941795349121094,0.011812210083007812,0.010058403015136719,0.0068187713623046875,0.0023012161254882812,0.001384735107421875,0.005526542663574219,0.007113456726074219
ROI8,0.0,0.0,0.0,0.0,0.001312255859375,0.0,0.0,0.00022029876708984375,0.006535530090332031,0.0050601959228515625,0.00037670135498046875,0.0026454925537109375,0.004115104675292969,0.004021644592285156,0.0013561248779296875,0.0118408203125,0.0,0.0,3.4332275390625e-05,0.0,0.0,0.0,0.0,0.0,0.0,0.0018510818481445312,0.00039005279541015625,0.0,0.0,0.0,0.0012807846069335938,0.0,0.0,0.00202178955078125,0.0,0.0,0.0006389617919921875,0.0019321441650390625,0.0,0.0,0.0044460296630859375,0.004057884216308594,0.02083873748779297,0.009547233581542969,0.009114265441894531,0.008128166198730469,0.013246536254882812,0.0042819976806640625,0.0016527175903320312,0.0,0.0,0.0016326904296875,0.0,3.24249267578125e-05,0.0051059722900390625,0.0,0.00028896331787109375,0.0015926361083984375,0.0020351409912109375,0.0026559829711914062,0.0005550384521484375,0.005954742431640625,0.0031862258911132812,0.0008258819580078125
ROI9,0.00048160552978515625,0.0,0.0,0.0,0.0007276535034179688,0.0012969970703125,0.0012950897216796875,0.0,0.0017833709716796875,0.005354881286621094,0.0046520233154296875,0.006554603576660156,0.004765510559082031,0.005269050598144531,0.00316619873046875,0.0021114349365234375,0.0,0.0,0.0,0.0,0.0,0.0,0.0016078948974609375,0.0,0.003204345703125,0.0,0.001983642578125,2.956390380859375e-05,0.0,0.0013227462768554688,0.0013608932495117188,0.0,0.0007123947143554688,0.0,0.0,0.000392913818359375,0.0008087158203125,0.004666328430175781,0.0,0.0,0.0,0.0,0.0005903244018554688,0.0,0.0,0.0,0.0008192062377929688,0.0,0.0,6.29425048828125e-05,0.0011262893676757812,0.0,0.0003261566162109375,0.000743865966796875,0.0010385513305664062,0.0,0.00183868408203125,0.000553131103515625,0.0018377304077148438,0.0005445480346679688,0.000446319580078125,0.003131866455078125,0.0010786056518554688,0.0013628005981445312
ROI10,0.0021505355834960938,0.0008363723754882812,0.0038843154907226562,0.0,0.002277374267578125,0.00043964385986328125,0.0042877197265625,0.00013065338134765625,0.0036754608154296875,0.005794525146484375,0.009607315063476562,0.009976387023925781,0.0064849853515625,0.003985404968261719,0.012029647827148438,0.004359245300292969,0.0,0.0,0.0,0.0,0.0,0.0,0.0,0.0,0.002834320068359375,0.0,0.00026798248291015625,0.0024747848510742188,0.00090789794921875,0.0011882781982421875,0.0024871826171875,0.0027475357055664062,0.0010166168212890625,0.0017728805541992188,0.002162933349609375,0.0007228851318359375,0.0,0.0002117156982421875,0.0,0.0026350021362304688,0.0,0.0013751983642578125,0.0018157958984375,0.0,0.000881195068359375,0.0,0.0012645721435546875,0.0009431838989257812,0.00102996826171875,0.0,0.0,0.0,0.0005435943603515625,0.000308990478515625,0.0,0.0005197525024414062,0.0,0.0,0.0,0.0,0.0,0.0,0.0,0.0
ROI11,0.000995635986328125,0.00039386749267578125,0.0025396347045898438,0.0,0.0023698806762695312,0.00027751922607421875,0.0,0.0,0.006596565246582031,0.009603500366210938,0.00579071044921875,0.0047016143798828125,0.008722305297851562,0.0060329437255859375,0.01381683349609375,0.0017461776733398438,0.0,0.0,0.0,0.0,0.0,0.0,0.0,0.0,0.0,0.0023298263549804688,0.00125885009765625,0.0004711151123046875,4.00543212890625e-05,0.0,0.0,0.002666473388671875,0.00029659271240234375,0.0,0.00069427490234375,0.0015239715576171875,0.0009965896606445312,0.0023708343505859375,0.00110626220703125,0.0,0.0,0.0013132095336914062,0.00228118896484375,0.0,0.0003223419189453125,0.0013818740844726562,0.0010852813720703125,0.0007190704345703125,0.00047206878662109375,1.52587890625e-05,0.0,0.0,0.000293731689453125,0.0,0.00018787384033203125,0.0,0.0025196075439453125,0.0013790130615234375,0.00160980224609375,0.007750511169433594,4.00543212890625e-05,0.005572319030761719,0.0014352798461914062,0.0031909942626953125
ROI12,0.0007867813110351562,0.0,0.0019168853759765625,0.0,0.0014801025390625,0.0009431838989257812,0.0,0.0,0.006346702575683594,0.009733200073242188,0.0,0.0012788772583007812,0.0062503814697265625,0.008844375610351562,0.0027561187744140625,0.007040977478027344,0.0,0.0,0.00047016143798828125,0.0,0.0,0.0,0.00026035308837890625,0.0,0.0,0.0005998611450195312,0.0025262832641601562,9.5367431640625e-06,0.0,0.0,0.001743316650390625,0.0021314620971679688,0.0,0.0,0.0,0.00241851806640625,0.0,0.0,0.0012178421020507812,0.0,0.0,0.0037679672241210938,0.0036096572875976562,0.0,0.0003566741943359375,0.0020656585693359375,0.0021486282348632812,0.00026988983154296875,0.0008554458618164062,7.343292236328125e-05,0.0,0.0007524490356445312,0.0006427764892578125,0.00010776519775390625,0.0011892318725585938,0.0,0.0009145736694335938,0.0030164718627929688,0.0022563934326171875,0.0029897689819335938,0.0,0.009316444396972656,0.0012311935424804688,0.005845069885253906
ROI13,0.0,5.53131103515625e-05,0.0,0.0,0.0,0.002002716064453125,0.0,0.0,0.001445770263671875,0.008996963500976562,0.00305938720703125,0.013932228088378906,0.006417274475097656,0.0,0.0068073272705078125,0.006606101989746094,0.0009756088256835938,0.0,0.0,0.0,0.0,0.0,0.0009584426879882812,0.0,0.0,0.0,0.0,0.0,0.0,0.0,0.0,0.0,0.0021343231201171875,0.0,0.0,0.004448890686035156,0.00043487548828125,0.006220817565917969,0.00168609619140625,0.0037899017333984375,0.0,0.0,0.0008068084716796875,0.00033664703369140625,0.0,0.0,6.198883056640625e-05,0.0,0.0,0.0,0.0,0.0,0.0016632080078125,0.0,0.0,0.0,0.0012416839599609375,0.0,0.0010995864868164062,0.0016021728515625,0.001407623291015625,0.0013256072998046875,0.0,0.0
ROI14,0.001743316650390625,0.0010938644409179688,0.001987457275390625,0.0014019012451171875,0.0,0.0032529830932617188,0.0,0.0,0.0021152496337890625,0.009576797485351562,0.0031023025512695312,0.006451606750488281,0.004359245300292969,0.003943443298339844,0.0,0.014741897583007812,0.0,0.0,0.0,0.0011243820190429688,0.0006265640258789062,0.0,0.0,0.0009794235229492188,0.00029277801513671875,0.003452301025390625,0.0018634796142578125,0.001247406005859375,0.0017023086547851562,0.0,0.0,0.0,0.0,0.0,0.0029020309448242188,0.000156402587890625,0.0,0.00010967254638671875,0.0,0.0,0.0007228851318359375,0.001461029052734375,0.004240989685058594,0.0016241073608398438,0.0003337860107421875,0.004767417907714844,0.0032749176025390625,0.0029115676879882812,0.0001201629638671875,0.0,0.0,0.00010204315185546875,0.0,0.0,0.0,0.0,0.0017375946044921875,0.0016021728515625,0.0012979507446289062,0.0023479461669921875,0.0021467208862304688,0.004263877868652344,0.004535675048828125,0.0010280609130859375
ROI15,0.0,0.0,0.0,0.0,0.0,0.0,0.0008821487426757812,0.0,0.01468658447265625,0.005225181579589844,0.0,0.00020122528076171875,0.0028429031372070312,0.00014972686767578125,0.0062313079833984375,0.008532524108886719,0.000110626220703125,0.0,0.0011425018310546875,0.0,0.0,0.0,0.0,0.0,0.0,0.0,0.0,0.0,0.0,0.0,0.0,0.0,0.0,0.0,0.0,0.0,0.0,0.0,0.0,0.0,0.0031890869140625,0.0018711090087890625,0.008244514465332031,0.006299018859863281,0.004025459289550781,0.006613731384277344,0.0049152374267578125,0.006592750549316406,0.0027675628662109375,0.00220489501953125,0.003930091857910156,0.004119873046875,0.00104522705078125,0.0018129348754882812,0.005642890930175781,0.0,0.0001850128173828125,0.0007009506225585938,0.001415252685546875,0.0006036758422851562,0.0015459060668945312,0.00012493133544921875,0.0,0.0005979537963867188
ROI16,0.0,0.0019168853759765625,0.0022115707397460938,0.0,0.0,0.003993988037109375,0.0,0.0024785995483398438,0.0,0.0,0.00194549560546875,0.0,0.0,0.0,0.0,0.0,0.005848884582519531,0.007674217224121094,0.0008592605590820312,0.0077381134033203125,0.007626533508300781,0.012487411499023438,0.0056133270263671875,0.00150299072265625,0.0,0.0,2.193450927734375e-05,0.00027942657470703125,0.0,0.001941680908203125,0.0,0.0013132095336914062,0.0,0.00041484832763671875,0.0020742416381835938,0.000110626220703125,0.0005064010620117188,0.0,0.0,0.0,0.0,0.0,0.0,0.0,0.0,0.0,0.0,0.0,0.0017786026000976562,0.0012712478637695312,0.0012464523315429688,0.0,0.0,0.0,0.0,0.005858421325683594,0.0,0.0004949569702148438,0.0,0.0,0.0,0.00038909912109375,0.0,0.0010862350463867188
ROI17,0.0,0.0031080245971679688,0.005696296691894531,0.007298469543457031,0.007060050964355469,0.0036973953247070312,0.0,0.004364013671875,0.0,0.0,0.0,0.0,0.0,0.0,0.0,0.00128936767578125,0.011281013488769531,0.007590293884277344,0.009640693664550781,0.01175689697265625,0.010649681091308594,0.0045566558837890625,0.03275012969970703,0.0,0.0019893646240234375,0.0034093856811523438,0.0035829544067382812,0.00511932373046875,0.0009069442749023438,0.0046844482421875,0.0017499923706054688,0.002349853515625,0.0,0.0021696090698242188,0.0013895034790039062,0.0,0.00027751922607421875,0.0,0.0,0.0,0.0,0.0,0.002582550048828125,0.0,0.0,0.0,0.0,0.00042629241943359375,0.0,0.0,0.0,0.0,0.0,0.0,0.0,0.000286102294921875,0.00047016143798828125,0.00457000732421875,0.002590179443359375,0.0046405792236328125,0.0007753372192382812,0.00032711029052734375,0.004955291748046875,0.0027513504028320312
ROI18,0.0014524459838867188,0.0032949447631835938,0.009593009948730469,0.0004596710205078125,0.007636070251464844,0.0064449310302734375,0.0,0.0016422271728515625,0.0036993026733398438,0.0,0.0,0.0,0.0,0.0,0.0,0.0028562545776367188,0.006747245788574219,0.006482124328613281,0.0020122528076171875,0.001903533935546875,0.008447647094726562,0.00421905517578125,0.008172988891601562,0.0022497177124023438,0.0,0.0006046295166015625,0.0012388229370117188,0.0034589767456054688,0.001964569091796875,0.004650115966796875,0.0008001327514648438,0.0010633468627929688,0.00036334991455078125,0.000606536865234375,0.0005559921264648438,0.002105712890625,0.00249481201171875,0.0008611679077148438,0.001522064208984375,0.001155853271484375,0.0,0.0021190643310546875,0.0015439987182617188,0.00027179718017578125,0.0,0.0028533935546875,0.0,0.00022125244140625,0.000278472900390625,0.0007801055908203125,0.0,0.0008039474487304688,0.0005645751953125,0.0,0.0,0.0,0.0007333755493164062,0.0,0.0,0.0,0.0002956390380859375,0.0007476806640625,0.00047969818115234375,0.0
ROI19,0.0051250457763671875,0.0021944046020507812,0.0027294158935546875,0.0022096633911132812,0.0010080337524414062,0.0075244903564453125,0.0100555419921875,0.0,0.0,0.0,0.0,0.0,0.0,0.0,0.0,0.0,0.0142059326171875,0.008924484252929688,0.006306648254394531,0.009417533874511719,0.007821083068847656,0.005362510681152344,0.0,0.010205268859863281,0.00019168853759765625,0.0,0.0,0.0012063980102539062,0.0009298324584960938,0.0025997161865234375,0.0002880096435546875,0.0015897750854492188,0.0,0.0,0.0019388198852539062,0.0,5.53131103515625e-05,0.0,0.0,0.00024509429931640625,0.0,0.0,0.0,0.0,0.0,0.0,0.0,0.0,0.0026865005493164062,0.000469207763671875,0.0,0.0005178451538085938,0.0,0.0,0.0002727508544921875,0.0030279159545898438,0.004023551940917969,0.0,0.0,0.000152587890625,0.0018777847290039062,0.0,0.0,0.0017824172973632812
ROI20,0.00595855712890625,0.011134147644042969,0.006340980529785156,0.006793022155761719,0.0054168701171875,0.005703926086425781,0.0014867782592773438,0.003116607666015625,0.0,0.0005655288696289062,0.0,0.0,0.0,0.0,0.0,0.00324249267578125,0.009091377258300781,0.008238792419433594,0.006276130676269531,0.0016317367553710938,0.004935264587402344,0.0020961761474609375,0.007856369018554688,0.010074615478515625,0.0,0.0,0.000225067138671875,0.0006885528564453125,0.0,0.0,0.0,0.0,0.0,0.0012416839599609375,0.0046672821044921875,0.0023374557495117188,0.0,0.0006618499755859375,0.0,0.0,0.0,0.0010652542114257812,0.0,0.0,0.0,0.00018405914306640625,0.0,0.0,0.0009784698486328125,0.0,0.0,0.0030813217163085938,0.0,0.0,1.1444091796875e-05,0.0021762847900390625,0.0013036727905273438,0.00041866302490234375,0.0,0.00063323974609375,0.00046634674072265625,0.00021266937255859375,0.0,0.0
ROI21,0.0013341903686523438,0.0016603469848632812,0.0025548934936523438,0.002292633056640625,0.0036649703979492188,0.0034265518188476562,0.0037126541137695312,0.00337982177734375,0.0,0.0,0.0,0.0,0.0,0.0,0.0,0.0008878707885742188,0.0018625259399414062,0.008032798767089844,0.0003814697265625,0.004132270812988281,0.000644683837890625,0.008111953735351562,0.009386062622070312,0.008290290832519531,0.0,0.0017108917236328125,0.001056671142578125,0.001789093017578125,0.0,0.003223419189453125,0.00067901611328125,0.0,0.0,0.005684852600097656,0.002132415771484375,0.0,0.0001430511474609375,0.0013561248779296875,0.0,0.0,0.0,0.0,0.0,0.0,0.0,0.0,0.0,0.0,0.00037288665771484375,0.00074005126953125,0.0,0.0024518966674804688,0.0,0.0004863739013671875,0.0015125274658203125,0.004466056823730469,0.00014209747314453125,0.0017337799072265625,0.0010366439819335938,0.004100799560546875,0.0019407272338867188,0.0008764266967773438,0.0010662078857421875,8.296966552734375e-05
ROI22,0.0,0.00128936767578125,0.00153350830078125,0.0025796890258789062,0.0014505386352539062,0.0037689208984375,0.00490570068359375,0.005253791809082031,0.0,0.0,0.001132965087890625,0.0,0.0,0.0,0.0,0.0,0.0,0.0,0.004006385803222656,0.00336456298828125,0.009960174560546875,0.0034704208374023438,0.013634681701660156,0.00045490264892578125,0.0005407333374023438,0.0010480880737304688,0.0013628005981445312,0.0027456283569335938,0.0,2.86102294921875e-05,0.0,0.00039768218994140625,0.0,0.0020551681518554688,0.003147125244140625,0.00018024444580078125,0.0001201629638671875,0.0018625259399414062,0.0008525848388671875,0.0,0.0,0.0,0.0015153884887695312,0.0,0.0,0.0,0.0,0.0,0.0,0.0,0.0,0.001293182373046875,0.0,0.0,0.0,0.00011920928955078125,0.0,0.0,0.0003204345703125,0.0,0.0,0.0,0.0,0.0
ROI23,0.005810737609863281,0.004528045654296875,0.0020751953125,2.09808349609375e-05,0.0021343231201171875,0.0045642852783203125,0.0031566619873046875,0.006203651428222656,0.0003147125244140625,0.00034236907958984375,0.0003032684326171875,0.0,0.0,0.0,0.000789642333984375,0.0,0.004833221435546875,0.007706642150878906,0.006552696228027344,0.002162933349609375,0.006665229797363281,0.0069637298583984375,0.004853248596191406,0.0044422149658203125,0.000331878662109375,0.0018100738525390625,0.0014820098876953125,0.0034542083740234375,0.001209259033203125,0.0033349990844726562,0.0024404525756835938,0.0014066696166992188,0.0,0.001804351806640625,0.0032196044921875,0.0012102127075195312,0.0018482208251953125,0.0,0.0011959075927734375,0.0,0.0,0.0,0.0,0.0,0.0,0.0,0.0,0.0,0.0,0.0,0.0,0.0,0.0,0.0,0.0,0.0062084197998046875,0.0,0.0029516220092773438,0.0025196075439453125,0.0028982162475585938,0.0021123886108398438,0.00039196014404296875,0.0007781982421875,0.005030632019042969
ROI24,0.0015020370483398438,0.0027313232421875,0.0,0.0021867752075195312,0.0,0.0004978179931640625,0.0,0.00023174285888671875,0.0010995864868164062,0.0,0.00023651123046875,0.0,0.00012111663818359375,0.0006923675537109375,0.0021924972534179688,0.0,0.0,0.001476287841796875,0.0,0.0,0.0,0.000324249267578125,0.0001773834228515625,0.0,0.011135101318359375,0.0061092376708984375,0.00566864013671875,0.0028829574584960938,0.004216194152832031,0.006211280822753906,0.0061626434326171875,0.0,0.0,0.0012121200561523438,0.004254341125488281,0.0008792877197265625,0.0012912750244140625,0.0008153915405273438,0.00127410888671875,0.0007352828979492188,0.0026836395263671875,0.0013799667358398438,0.0021190643310546875,0.0,0.0,4.38690185546875e-05,0.0011644363403320312,0.007915496826171875,0.0,0.0,0.0,0.0,0.0,0.0033254623413085938,0.0001087188720703125,0.0,0.0015125274658203125,0.010531425476074219,0.010254859924316406,0.0013132095336914062,0.00046825408935546875,0.0021333694458007812,0.0019769668579101562,0.0008115768432617188
ROI25,0.0,0.0,0.0,0.0,0.0,0.0,0.0,0.0,0.00039005279541015625,0.0,0.0040950775146484375,0.0,0.0,0.0011701583862304688,0.004300117492675781,0.00234222412109375,0.0,0.0,0.0025434494018554688,0.0,0.0,0.0,0.0017795562744140625,0.0,0.010151863098144531,0.006020545959472656,0.0038137435913085938,0.0034465789794921875,0.00039958953857421875,0.00226593017578125,0.0067386627197265625,0.000469207763671875,0.0,0.0,0.0,0.0,0.0,0.0,0.0,0.0,0.0,0.0045070648193359375,0.0,0.0040416717529296875,0.0,0.003955841064453125,0.0,0.0071392059326171875,0.0,0.0,0.0,0.0,0.0,0.0,0.0,0.0,0.0012044906616210938,0.01768207550048828,0.005148887634277344,0.0031681060791015625,0.0,0.00191497802734375,0.0026416778564453125,0.004543304443359375
ROI26,0.0,0.0,0.0,0.00022125244140625,0.0,0.0,0.0,0.0,0.0,0.0,0.0005474090576171875,0.0,0.0,0.0008869171142578125,0.0005054473876953125,0.0,0.0,0.002696990966796875,0.0,0.0018396377563476562,0.0,0.0,0.0011920928955078125,0.0006303787231445312,0.003914833068847656,0.00220489501953125,0.0019750595092773438,0.00030231475830078125,0.0009469985961914062,0.0036993026733398438,0.004389762878417969,0.0,0.0,0.0,0.0,0.0,0.0,0.0003204345703125,0.0,0.0,0.004015922546386719,0.0,0.0002994537353515625,0.009739875793457031,0.0028409957885742188,0.0027608871459960938,0.0,0.013482093811035156,0.0,0.0,0.0016021728515625,0.0,0.0041065216064453125,0.0036296844482421875,0.0019359588623046875,0.0013036727905273438,0.0006723403930664062,0.00038909912109375,0.0048427581787109375,0.001605987548828125,0.0014629364013671875,0.0,0.002475738525390625,0.002147674560546875
ROI27,0.0003643035888671875,0.0,0.0040111541748046875,0.005921363830566406,0.0005407333374023438,0.0,0.0029926300048828125,0.0,0.0,0.0,0.0,0.0,0.0,0.0,0.0010995864868164062,0.0,0.0,0.001667022705078125,0.002384185791015625,0.0,0.0014925003051757812,0.00197601318359375,0.0019092559814453125,0.0,0.0026636123657226562,0.008299827575683594,0.007817268371582031,0.0015869140625,0.0037374496459960938,0.010684967041015625,0.0036001205444335938,0.0,0.0011453628540039062,0.0009698867797851562,0.0021810531616210938,0.000156402587890625,0.0007429122924804688,0.0020189285278320312,0.0009660720825195312,0.0006952285766601562,0.0006132125854492188,0.0015869140625,0.00057220458984375,0.0038480758666992188,0.0058193206787109375,0.0014142990112304688,0.0,0.003086090087890625,0.0,0.0,0.0010509490966796875,0.0,0.0,0.0,0.0009632110595703125,0.0008831024169921875,0.00045490264892578125,0.0032558441162109375,0.00650787353515625,0.0028514862060546875,0.0,0.0011959075927734375,0.0073604583740234375,0.0031414031982421875
ROI28,0.0,0.0,0.0,0.00018024444580078125,0.0,0.0013713836669921875,0.0,0.0006313323974609375,0.0005121231079101562,0.00147247314453125,0.0,0.0,0.0,0.0008029937744140625,2.86102294921875e-06,0.0011768341064453125,0.00015926361083984375,0.000972747802734375,0.0,0.0,0.0,0.0,0.00148773193359375,0.0,0.0020341873168945312,0.0044384002685546875,0.0036869049072265625,0.0,0.004878997802734375,0.006678581237792969,0.005816459655761719,0.00060272216796875,0.00179290771484375,0.000152587890625,0.00042629241943359375,0.0,0.000720977783203125,0.00199127197265625,0.00044727325439453125,0.000598907470703125,0.0033464431762695312,0.0013818740844726562,0.0022430419921875,0.005579948425292969,0.0031280517578125,0.0013265609741210938,0.0032472610473632812,0.0038585662841796875,0.0,0.0,0.0,0.0,0.0,0.001964569091796875,0.0008068084716796875,9.1552734375e-05,0.0024919509887695312,0.0026798248291015625,0.0059032440185546875,0.0031690597534179688,0.0017681121826171875,0.0020189285278320312,0.0027618408203125,0.001758575439453125
ROI29,0.0005712509155273438,0.0011796951293945312,0.0,0.0007305145263671875,0.0,0.002185821533203125,0.0,0.0021085739135742188,0.0010833740234375,0.0,0.0,0.0,0.00034236907958984375,0.0,0.0009250640869140625,0.004019737243652344,0.0,0.000514984130859375,0.0,0.0,0.0,0.00493621826171875,0.0027894973754882812,0.001125335693359375,0.005154609680175781,0.0045719146728515625,0.00146484375,0.00032329559326171875,0.003875732421875,0.008402824401855469,0.0025310516357421875,0.0,0.004992485046386719,0.0030536651611328125,0.00020694732666015625,0.0018367767333984375,0.0013170242309570312,0.005496025085449219,0.0016040802001953125,0.001384735107421875,0.0049915313720703125,0.0074558258056640625,0.005329132080078125,0.005802154541015625,0.0048656463623046875,0.0050811767578125,0.002788543701171875,0.0059909820556640625,0.0,0.0,0.0,0.0,0.0,0.0023365020751953125,0.005008697509765625,0.00051116943359375,0.0,0.003543853759765625,0.00030040740966796875,0.001514434814453125,0.0,0.0011663436889648438,0.00270843505859375,0.0
ROI30,0.0,0.0,0.0,0.0,0.0,0.0,0.0,0.0,0.0021924972534179688,0.00029468536376953125,0.0,0.0006961822509765625,0.0021677017211914062,0.0006723403930664062,0.00140380859375,0.0013628005981445312,0.0,0.0,0.0,0.0,0.0,0.0,0.0,0.00038242340087890625,0.0021810531616210938,0.005545616149902344,0.0,0.0008363723754882812,0.006260871887207031,0.0035266876220703125,0.0,0.0,0.0013036727905273438,0.0,0.0,0.0,0.0004863739013671875,0.0020685195922851562,0.00112152099609375,0.0021762847900390625,0.0062198638916015625,0.0046100616455078125,0.0011234283447265625,0.007754325866699219,0.0022344589233398438,0.0011692047119140625,0.0034580230712890625,0.0029878616333007812,0.000392913818359375,0.0032835006713867188,0.0013437271118164062,0.0010938644409179688,0.0023345947265625,0.003951072692871094,0.0038156509399414062,0.0,0.0,0.0022230148315429688,0.0033702850341796875,0.0013132095336914062,0.0,0.0,0.0016679763793945312,0.0
ROI31,0.0,0.0,0.0,0.001415252685546875,0.0,0.0,0.0,0.0009965896606445312,0.0012226104736328125,0.00048732757568359375,0.0017709732055664062,0.0013265609741210938,0.0018377304077148438,0.0023946762084960938,0.0013017654418945312,0.0,0.0,0.0,0.0,0.0,0.0,0.0,0.0,0.0,0.0014581680297851562,0.009471893310546875,0.0,0.0066890716552734375,0.014101982116699219,0.0071697235107421875,0.0024662017822265625,0.007973670959472656,0.0009489059448242188,0.001468658447265625,0.0015077590942382812,0.004672050476074219,0.0023250579833984375,0.002002716064453125,0.003444671630859375,0.0026807785034179688,0.007035255432128906,0.0024518966674804688,0.0007677078247070312,0.005192756652832031,0.0038299560546875,0.003952980041503906,0.001461029052734375,0.0070953369140625,0.0,0.0013151168823242188,0.00027370452880859375,0.0,0.0,0.0010290145874023438,0.0016107559204101562,0.0,0.0,0.0017557144165039062,0.0030031204223632812,0.0023508071899414062,0.0,0.00046253204345703125,0.0068492889404296875,0.0
ROI32,0.000518798828125,0.0007343292236328125,0.0,0.0013589859008789062,0.0,0.0008306503295898438,0.0007257461547851562,0.0,0.0,0.0010986328125,0.0,0.0006570816040039062,0.004412651062011719,0.00010776519775390625,0.0005130767822265625,0.0,0.0001773834228515625,0.0,0.0,0.0023126602172851562,0.0,0.0,0.0005044937133789062,0.0008373260498046875,0.0,0.0042266845703125,0.0047664642333984375,0.0,0.0,0.0,0.000102996826171875,0.0,0.0014247894287109375,0.0024547576904296875,0.0020608901977539062,0.007706642150878906,0.0,0.002536773681640625,0.0012149810791015625,0.0,0.0,0.0,0.0007781982421875,0.0,0.00041294097900390625,0.0010519027709960938,0.0,0.0,0.0,0.0,0.0,0.0,0.0,0.0,0.0,0.0,0.0070590972900390625,0.01184844970703125,0.0028171539306640625,0.0031452178955078125,0.0029554367065429688,0.0014963150024414062,0.010381698608398438,0.0035123825073242188
ROI33,0.0020132064819335938,0.0022220611572265625,0.00041484832763671875,0.010216712951660156,0.0026559829711914062,0.0006885528564453125,0.0001506805419921875,0.014376640319824219,0.0,0.0,0.0,0.0,0.0,0.0,0.0,0.00215911865234375,0.0029668807983398438,0.005297660827636719,0.000667572021484375,0.004974365234375,0.0023183822631835938,0.0016269683837890625,0.0017108917236328125,0.0006856918334960938,0.002166748046875,0.012120246887207031,0.005286216735839844,0.006604194641113281,0.0018548965454101562,0.0034055709838867188,0.00286102294921875,0.0011491775512695312,0.009545326232910156,0.012066841125488281,0.003909111022949219,0.001262664794921875,0.0,0.008397102355957031,0.0,0.0017690658569335938,0.00028324127197265625,0.00020885467529296875,0.00096893310546875,0.00027751922607421875,0.0,0.0005006790161132812,0.0,0.0034646987915039062,0.0,0.0,0.0015316009521484375,0.0,0.0,0.0,0.0,0.0050945281982421875,0.00437164306640625,0.016359329223632812,0.009934425354003906,0.008629798889160156,0.0042781829833984375,0.004395484924316406,0.010768890380859375,0.005955696105957031
ROI34,0.0,0.003093719482421875,0.0027093887329101562,0.006854057312011719,0.0008249282836914062,0.0,0.0,0.006702423095703125,0.0027894973754882812,0.0,0.0,0.0,0.0,0.0,0.0,0.0023965835571289062,0.0020589828491210938,0.004944801330566406,0.0040187835693359375,0.0021734237670898438,0.004473686218261719,0.0065250396728515625,0.010669708251953125,0.00044536590576171875,0.004918098449707031,0.009030342102050781,0.006968498229980469,0.007048606872558594,0.0050182342529296875,0.004489898681640625,0.0049991607666015625,0.0005731582641601562,0.0033197402954101562,0.004622459411621094,0.011282920837402344,0.0026092529296875,0.0,0.005501747131347656,0.001201629638671875,0.0023660659790039062,0.00099945068359375,0.00026035308837890625,0.0007677078247070312,0.002552032470703125,0.0,0.0051708221435546875,0.0,0.008528709411621094,0.0,0.0,0.0,0.00125885009765625,0.0,0.00136566162109375,0.0,0.0041522979736328125,0.005679130554199219,0.017067909240722656,0.006438255310058594,0.008690834045410156,0.006289482116699219,0.0057353973388671875,0.006302833557128906,0.0040111541748046875
ROI35,0.000812530517578125,0.0010423660278320312,0.00014019012451171875,0.0019054412841796875,0.0,0.0006208419799804688,0.0,0.0009307861328125,0.0024623870849609375,0.004246711730957031,0.0,0.0028839111328125,0.0038356781005859375,0.0017843246459960938,0.0060596466064453125,0.007273674011230469,0.0006036758422851562,0.000675201416015625,0.0,0.0,0.0,0.001129150390625,0.000823974609375,0.0007781982421875,0.00170135498046875,0.0035314559936523438,0.0032320022583007812,0.0008106231689453125,0.0015840530395507812,0.002166748046875,0.0,0.0,0.0052490234375,0.005344390869140625,0.00069427490234375,0.0034151077270507812,0.0034618377685546875,0.004332542419433594,0.001682281494140625,0.0,0.0,0.0,0.0003070831298828125,0.0009212493896484375,0.0,0.0030336380004882812,0.0005168914794921875,0.0007562637329101562,0.00049591064453125,0.0,0.0,0.0,0.0,0.0,0.0,0.0,0.008042335510253906,0.005321502685546875,0.003772735595703125,0.00615692138671875,0.0075893402099609375,0.0023479461669921875,0.0052661895751953125,0.013260841369628906
ROI36,0.0002231597900390625,0.008687973022460938,0.002613067626953125,0.00323486328125,0.002002716064453125,0.00142669677734375,0.004126548767089844,0.0,0.0008182525634765625,0.0,0.0,0.0,0.0,0.00323486328125,0.0040187835693359375,0.0004940032958984375,0.0,0.0017786026000976562,0.0,0.001239776611328125,0.00043201446533203125,0.0,0.00035762786865234375,0.0,0.0,0.0021829605102539062,0.00030517578125,0.0,0.0011796951293945312,0.0,0.0021562576293945312,0.0021848678588867188,0.0021381378173828125,0.006125450134277344,0.0,0.0,0.008006095886230469,0.0028324127197265625,0.0,0.0,0.0009279251098632812,0.00206756591796875,0.0013217926025390625,0.000885009765625,0.0003528594970703125,0.000568389892578125,0.0008182525634765625,0.0029964447021484375,0.0,0.0,0.0,0.0,0.0,0.0,0.0,0.0,0.008367538452148438,0.007300376892089844,0.0016260147094726562,0.006096839904785156,0.0028638839721679688,0.012242317199707031,0.0031423568725585938,0.009035110473632812
ROI37,0.0012063980102539062,0.0,0.00087738037109375,0.00090789794921875,0.00041103363037109375,0.0007181167602539062,0.00046825408935546875,0.0068836212158203125,0.0,0.0002613067626953125,0.0,0.002819061279296875,0.0,0.0,0.00019168853759765625,0.0,0.00027179718017578125,0.0007257461547851562,0.00047779083251953125,0.0023288726806640625,0.0010023117065429688,0.0006198883056640625,0.0019044876098632812,0.0007829666137695312,0.00012302398681640625,0.0018138885498046875,0.0037336349487304688,0.0028896331787109375,0.0020999908447265625,0.0011444091796875,0.00019931793212890625,0.0003910064697265625,0.0020313262939453125,0.0023565292358398438,0.0020198822021484375,0.00322723388671875,0.004752159118652344,0.009808540344238281,0.0030517578125,0.0013265609741210938,0.0,0.0,0.0009441375732421875,0.0,0.0,0.0,0.0001811981201171875,0.0014505386352539062,0.0,0.0,0.0,0.0,0.0,0.0,0.0,0.0,0.0069904327392578125,0.0010843276977539062,0.0034275054931640625,0.0022726058959960938,0.005893707275390625,0.006916999816894531,0.004271507263183594,0.0038509368896484375
ROI38,0.0,0.0,0.0,0.00037097930908203125,0.0,0.0,0.0,0.0018901824951171875,0.0,0.0034551620483398438,0.0,0.0,0.0019216537475585938,0.0020685195922851562,0.0028285980224609375,0.0,0.00018024444580078125,0.0,0.0,0.00046539306640625,0.0004444122314453125,0.0,0.00014400482177734375,0.0005598068237304688,0.0,0.000518798828125,0.00458526611328125,0.0025539398193359375,6.29425048828125e-05,0.0,0.002017974853515625,0.0009908676147460938,0.004548072814941406,0.004286766052246094,0.0002803802490234375,0.010908126831054688,0.0031518936157226562,0.02036571502685547,0.0077037811279296875,0.008736610412597656,0.0,0.0,0.0,0.0,0.0,0.0,0.001811981201171875,0.0,0.0,0.0,0.0,0.0,0.0,0.0,0.0,0.0,0.005370140075683594,0.008600234985351562,0.002353668212890625,0.0064830780029296875,0.005057334899902344,0.004027366638183594,0.0022439956665039062,0.0021209716796875
ROI39,0.0027971267700195312,0.000797271728515625,0.0031337738037109375,0.005646705627441406,0.0,0.0008401870727539062,0.0011615753173828125,0.0013513565063476562,0.001651763916015625,0.001712799072265625,0.0,0.001453399658203125,0.0018911361694335938,0.00179290771484375,0.0024957656860351562,0.0022687911987304688,0.0,0.0,0.0,0.0,0.0,0.0,0.0011148452758789062,0.0005636215209960938,0.000518798828125,0.0017690658569335938,0.0025548934936523438,0.0,0.0022535324096679688,0.0018978118896484375,0.0,0.0032606124877929688,0.005764007568359375,0.004052162170410156,0.0053253173828125,0.0024061203002929688,0.0039196014404296875,0.006615638732910156,0.004254341125488281,0.006656646728515625,0.0,0.0,0.0,0.0005941390991210938,0.0006694793701171875,0.00036525726318359375,0.00107574462890625,0.0,0.0,0.0,0.0,0.0,0.0,0.0,0.0,0.0,0.006534576416015625,0.0019731521606445312,0.0022869110107421875,0.0014801025390625,0.003704071044921875,0.008112907409667969,0.0020923614501953125,0.0058345794677734375
ROI40,0.0,0.000762939453125,0.0009069442749023438,0.0020418167114257812,0.0,0.0001468658447265625,1.1444091796875e-05,0.0006551742553710938,0.005553245544433594,0.0004329681396484375,0.00046253204345703125,0.00041675567626953125,0.001407623291015625,0.0,0.0030279159545898438,0.0034170150756835938,0.00092315673828125,0.0,0.0008516311645507812,0.0011987686157226562,0.0007200241088867188,0.0,0.0,0.0,0.0,0.0,0.0030355453491210938,0.0,0.0,0.0,0.0031690597534179688,0.0,0.0026254653930664062,0.0,0.0013742446899414062,0.0,0.00014400482177734375,0.0,0.0028619766235351562,0.0,0.01890850067138672,0.015324592590332031,0.009898185729980469,0.013990402221679688,0.007843971252441406,0.006974220275878906,0.01851177215576172,0.00710296630859375,0.0011339187622070312,0.0025119781494140625,0.003337860107421875,0.0032510757446289062,0.0017595291137695312,0.002658843994140625,0.006379127502441406,0.000820159912109375,0.0,0.0007791519165039062,0.0015401840209960938,0.0016145706176757812,0.00043487548828125,0.005074501037597656,0.00394439697265625,0.0
ROI41,0.0,0.0,0.0,0.00012874603271484375,0.0,0.0,0.0,0.0,0.0056133270263671875,0.0009632110595703125,0.0,0.0,0.00472259521484375,0.0008649826049804688,0.0018148422241210938,0.019641876220703125,0.0,0.0,0.0,0.0,0.0,0.0,0.0,0.0,0.0,0.0,0.0,0.0,0.0,0.0,0.0,0.0,0.0,0.0,0.0,0.0,0.0,0.0,0.0,0.0,0.007687568664550781,0.01899433135986328,0.019811630249023438,0.008223533630371094,0.0059356689453125,0.0058193206787109375,0.016080856323242188,0.011256217956542969,0.0021257400512695312,0.0028562545776367188,0.000217437744140625,0.003345489501953125,0.001308441162109375,0.0031232833862304688,0.010453224182128906,0.0,0.0,0.0004978179931640625,0.0,0.0,0.0,0.00183868408203125,0.0,0.0
ROI42,0.00041484832763671875,7.05718994140625e-05,0.0001811981201171875,0.0010700225830078125,0.0005826950073242188,0.0,0.0020418167114257812,0.0012903213500976562,0.019283294677734375,0.0006561279296875,0.0,0.0,0.0018434524536132812,0.0,0.0038156509399414062,0.013451576232910156,0.0,0.000823974609375,0.0,0.0,0.0005235671997070312,0.0,0.0,0.0012340545654296875,0.0,0.0,0.0,0.0,0.0,0.0,0.0,0.0,0.00197601318359375,0.0007104873657226562,0.0,0.0,0.0,0.0014142990112304688,0.000377655029296875,0.0,0.008008003234863281,0.0074138641357421875,0.010847091674804688,0.0065937042236328125,0.008680343627929688,0.003482818603515625,0.005871772766113281,0.0044536590576171875,0.00311279296875,0.0020189285278320312,0.000774383544921875,0.00350189208984375,0.006335258483886719,0.0,0.008069992065429688,0.0,0.0,0.00122833251953125,0.0008039474487304688,0.00039768218994140625,0.006052970886230469,0.006146430969238281,0.0,0.0
ROI43,0.0,0.00042247772216796875,0.0,0.0012845993041992188,0.0001049041748046875,0.0,0.0011157989501953125,0.0,0.006836891174316406,0.0015230178833007812,0.0004978179931640625,0.0016374588012695312,0.005743980407714844,0.003803253173828125,0.003963470458984375,0.009916305541992188,0.0,0.0,0.0,0.0,0.0,0.0,0.0,0.0,0.0,0.0,0.0,0.0,0.0,0.0,0.0,0.0,0.0008115768432617188,0.000591278076171875,0.0,0.0,0.0001888275146484375,6.961822509765625e-05,0.00089263916015625,0.0,0.011605262756347656,0.0063304901123046875,0.010041236877441406,0.0035266876220703125,0.009016990661621094,0.008517265319824219,0.004207611083984375,0.008643150329589844,0.0039014816284179688,0.0023336410522460938,0.0044956207275390625,0.0,0.003973960876464844,0.005429267883300781,0.0018396377563476562,0.0,0.0,0.0,0.0,0.0,0.0,0.0013637542724609375,0.0,0.0
ROI44,0.0022716522216796875,0.0,0.00045013427734375,0.0005197525024414062,0.0009107589721679688,0.0021734237670898438,0.0007228851318359375,0.0007228851318359375,0.011461257934570312,0.0,0.0,0.0014314651489257812,0.0006847381591796875,0.0,0.0,0.005741119384765625,0.0,0.001239776611328125,0.0006084442138671875,0.00014781951904296875,0.0,0.0,0.00043582916259765625,0.0006990432739257812,0.0,0.0,0.0,0.0,0.0,0.0,0.0,0.0,0.0,0.0,0.0018491744995117188,0.0,0.0007638931274414062,0.0,0.0,0.0008392333984375,0.013035774230957031,0.0037279129028320312,0.005438804626464844,0.0,0.011126518249511719,0.0,0.0061187744140625,0.004757881164550781,0.0023393630981445312,0.002101898193359375,0.0016546249389648438,0.007335662841796875,0.0024518966674804688,0.0018682479858398438,0.004538536071777344,0.0009737014770507812,0.0,0.0,0.0,0.0,0.00016880035400390625,0.0,0.0,0.002475738525390625
ROI45,0.0,0.0,0.0,0.0,0.0,0.0,0.0,0.0,0.009217262268066406,0.0005693435668945312,2.956390380859375e-05,0.000377655029296875,0.00234222412109375,0.0005750656127929688,0.006209373474121094,0.0022134780883789062,0.0,0.0,0.0,0.0,0.0,0.0,0.0,0.0002079010009765625,0.0,0.0,0.0,0.0,0.0,0.0,0.0,0.0,0.00039958953857421875,0.0,0.0,0.0,0.0,0.0,0.0,0.0,0.009044647216796875,0.015791893005371094,0.017702102661132812,0.008040428161621094,0.010443687438964844,0.00556182861328125,0.0038385391235351562,0.008658409118652344,0.00388336181640625,0.0022115707397460938,0.000865936279296875,0.0017194747924804688,0.0062084197998046875,0.0028285980224609375,0.00688934326171875,0.0,0.00036907196044921875,0.00022029876708984375,0.0,0.0011816024780273438,0.0010499954223632812,0.0032596588134765625,0.00121307373046875,0.0
ROI46,0.00014019012451171875,0.000797271728515625,0.0,0.0003604888916015625,0.0003147125244140625,0.0,0.0013742446899414062,0.0,0.014129638671875,6.580352783203125e-05,0.0,0.000804901123046875,0.0014286041259765625,0.0,0.00789642333984375,0.017124176025390625,0.0,0.0,0.0,0.0,0.0,0.0,0.0007257461547851562,0.0,0.0,0.0,0.0010156631469726562,0.0,0.0,0.0,0.0,0.0,0.0,0.00182342529296875,2.6702880859375e-05,0.0,0.0,0.0,0.0,0.0,0.012352943420410156,0.01796245574951172,0.008143424987792969,0.006779670715332031,0.010301589965820312,0.008825302124023438,0.011348724365234375,0.006603240966796875,0.0029230117797851562,0.0006246566772460938,0.0014142990112304688,0.0047454833984375,0.0005064010620117188,0.003620147705078125,0.008066177368164062,0.0010118484497070312,0.0004634857177734375,0.0003643035888671875,0.001079559326171875,0.0001354217529296875,0.0033779144287109375,0.0023946762084960938,0.001499176025390625,0.0
ROI47,0.0,9.5367431640625e-06,0.0,0.0,0.000377655029296875,0.0,0.0,0.0,0.00684356689453125,0.0002193450927734375,0.0,0.0004940032958984375,0.0005588531494140625,0.0,0.0051059722900390625,0.0165863037109375,0.0009937286376953125,0.0,0.0,0.0,0.0,0.0,0.0,0.0,0.0,0.0,0.0,0.0,0.0,0.0,0.000926971435546875,0.0,0.0,0.0,0.0,0.0,0.0,0.0,0.0,0.0,0.008530616760253906,0.0026798248291015625,0.01630115509033203,0.014408111572265625,0.005733489990234375,0.006266593933105469,0.0,0.010264396667480469,0.005057334899902344,0.004923820495605469,0.004389762878417969,0.00482177734375,0.0038919448852539062,0.005733489990234375,0.008939743041992188,0.0,0.0,0.0,0.0,0.0,0.0,0.0,0.0,0.0
ROI48,0.0,0.0002117156982421875,0.00028896331787109375,0.0,0.0006856918334960938,0.0,0.0,7.62939453125e-05,6.103515625e-05,0.0,0.0,0.00021457672119140625,0.0,0.0,0.0,0.004027366638183594,0.0,0.0015516281127929688,0.0,0.0,0.0,0.004467010498046875,0.00244903564453125,0.00046825408935546875,0.0,0.0,0.0,0.0,0.0,0.0,0.0,0.0005712509155273438,0.0018930435180664062,0.00115966796875,0.0,0.0017604827880859375,0.004855155944824219,0.0,0.0020437240600585938,0.005085945129394531,0.0,0.0,0.0016031265258789062,0.0,0.0,0.0,0.001865386962890625,0.0,0.0071582794189453125,0.006886482238769531,0.002620697021484375,0.008540153503417969,0.0,0.002178192138671875,0.003765106201171875,0.00177001953125,0.0,0.0,0.001556396484375,0.0024881362915039062,0.0015697479248046875,0.006557464599609375,0.0,0.0025548934936523438
ROI49,0.00026988983154296875,0.0,0.00014400482177734375,0.0,0.0,0.0,0.000278472900390625,0.0,0.0,0.00026035308837890625,0.0008411407470703125,0.0004138946533203125,0.0,0.000354766845703125,0.0011920928955078125,0.0,0.0022487640380859375,0.004103660583496094,0.0004863739013671875,0.0011548995971679688,0.0020122528076171875,0.0038614273071289062,0.002685546875,0.004222869873046875,0.0,0.0,0.0,0.0,0.0,0.0,0.0,0.0,0.003907203674316406,0.0013637542724609375,0.0005617141723632812,0.004046440124511719,0.010377883911132812,0.0039424896240234375,0.005621910095214844,0.0053806304931640625,0.0,0.0,0.0009908676147460938,0.0,0.0,0.0,0.0,0.0,0.0022001266479492188,0.001529693603515625,0.0,0.0,0.011160850524902344,0.0030393600463867188,0.0,0.00033283233642578125,0.0013189315795898438,0.0,0.0,0.0008096694946289062,0.0003299713134765625,0.0004253387451171875,0.0,0.0019664764404296875
ROI50,0.0042552947998046875,0.0027637481689453125,0.0077152252197265625,0.0,0.0035228729248046875,0.002239227294921875,0.005993843078613281,0.0027980804443359375,0.00298309326171875,0.0,0.0,0.0,0.0,0.0,0.0,0.00185394287109375,0.0,0.0022649765014648438,0.0006847381591796875,0.0007677078247070312,0.0019445419311523438,0.0036172866821289062,0.0029649734497070312,0.0022945404052734375,0.0,0.0,0.0,0.0,0.0,0.0005941390991210938,0.0,4.76837158203125e-05,0.0030775070190429688,0.0050792694091796875,0.0013065338134765625,0.0034236907958984375,0.005269050598144531,0.004910469055175781,0.009408950805664062,0.0029649734497070312,0.001758575439453125,0.0023679733276367188,0.0013704299926757812,0.0030269622802734375,0.00179290771484375,0.0009813308715820312,0.0009613037109375,0.0,0.0029573440551757812,0.0,0.003002166748046875,0.00409698486328125,0.0025777816772460938,0.006565093994140625,0.0033626556396484375,0.0019311904907226562,0.0,0.0,0.0,0.0012369155883789062,0.0,0.0027723312377929688,0.0007658004760742188,0.000102996826171875
ROI51,0.007160186767578125,0.0031566619873046875,0.006850242614746094,0.0016956329345703125,0.00438690185546875,0.003924369812011719,0.0038003921508789062,0.004517555236816406,0.0005636215209960938,0.0,0.0,0.0,0.0001163482666015625,0.0012559890747070312,0.0,0.0,0.0015211105346679688,0.0009012222290039062,0.0007228851318359375,0.0,0.0013284683227539062,0.0002994537353515625,0.0026578903198242188,0.00031948089599609375,0.0,0.0,0.0,0.0,0.0,0.0,0.0,0.0,0.006756782531738281,0.0021772384643554688,0.0043201446533203125,0.0028514862060546875,0.0,0.0029840469360351562,0.0032444000244140625,0.004436492919921875,0.0,0.0009317398071289062,0.0012559890747070312,0.0,0.0,0.0,0.0016727447509765625,0.0,0.0,0.0005550384521484375,0.0,0.0,0.0,0.0,0.0,0.0011301040649414062,0.0,0.0,0.0044078826904296875,0.00043773651123046875,0.0,0.0030431747436523438,0.005347251892089844,0.0
ROI52,0.0,0.001346588134765625,0.0015287399291992188,0.00014972686767578125,0.0008869171142578125,0.0009002685546875,0.0009813308715820312,0.00046825408935546875,0.0006227493286132812,0.00281524658203125,0.0010223388671875,0.0013399124145507812,0.0017557144165039062,0.000946044921875,0.0006437301635742188,0.0012416839599609375,0.002193450927734375,0.0025873184204101562,0.0007524490356445312,0.001918792724609375,0.00160980224609375,0.0007600784301757812,0.0038499832153320312,0.0014772415161132812,0.0,0.0,8.487701416015625e-05,0.0,0.0,0.0,0.0,0.00019073486328125,0.001918792724609375,0.00342559814453125,0.0026540756225585938,0.0012617111206054688,0.0019559860229492188,0.0037565231323242188,0.0027608871459960938,0.0008878707885742188,0.0,0.0006999969482421875,0.0,0.0,0.0,0.0,0.00025463104248046875,0.0,0.004090309143066406,0.0,0.0048618316650390625,0.0049381256103515625,0.002689361572265625,0.0,0.0034542083740234375,0.0026407241821289062,0.0037050247192382812,0.0002613067626953125,0.0,6.008148193359375e-05,0.0032091140747070312,0.0,0.0,0.0035839080810546875
ROI53,0.0011072158813476562,0.004162788391113281,0.0,0.0022220611572265625,0.005503654479980469,0.0018358230590820312,0.0030946731567382812,0.0,0.0014362335205078125,0.0,0.0,0.0,0.0,0.0,0.0,0.0028772354125976562,0.0077571868896484375,0.005692481994628906,0.004399299621582031,0.0054759979248046875,0.0065460205078125,0.0047588348388671875,0.004703521728515625,0.0,0.0,0.0,0.0,0.0,0.0,0.0,0.0,0.0,0.0005950927734375,0.0053043365478515625,0.0012989044189453125,0.0,0.0020084381103515625,0.0020723342895507812,0.0042705535888671875,0.003814697265625,5.054473876953125e-05,0.0004177093505859375,0.0007925033569335938,0.0,0.0,0.0,0.0011281967163085938,0.0,0.0021762847900390625,0.008615493774414062,0.005539894104003906,0.009465217590332031,0.0076808929443359375,0.003985404968261719,0.0039997100830078125,0.0111846923828125,0.0,0.0,0.0,0.0,0.0008087158203125,0.00034427642822265625,0.0,0.0018138885498046875
ROI54,0.0005893707275390625,0.0017023086547851562,0.00115203857421875,0.0,0.0,0.0002002716064453125,0.0,0.0002574920654296875,0.008223533630371094,0.0009107589721679688,0.0,0.00028705596923828125,0.0,0.0,0.00261688232421875,0.0020618438720703125,0.0,0.0007295608520507812,0.00072479248046875,0.00030040740966796875,0.0006999969482421875,0.0019855499267578125,0.0025653839111328125,0.0012960433959960938,0.0,0.0,0.0,0.0,0.0,0.0,0.0,0.0,0.0009250640869140625,0.003971099853515625,0.001331329345703125,0.00180816650390625,0.0,0.00043010711669921875,0.000576019287109375,0.0007991790771484375,0.00047016143798828125,0.007210731506347656,0.003922462463378906,0.004703521728515625,0.0025196075439453125,7.724761962890625e-05,0.0020380020141601562,0.0,3.814697265625e-05,0.0008401870727539062,0.0044765472412109375,0.014649391174316406,0.0,0.0028028488159179688,0.0,0.0,0.00283050537109375,0.0,0.0,0.0008096694946289062,0.0033693313598632812,0.00011920928955078125,0.0012826919555664062,0.0
ROI55,0.0,0.005354881286621094,0.008303642272949219,0.0059947967529296875,0.00708770751953125,0.005131721496582031,0.01214599609375,0.00749969482421875,0.0,0.0,0.0,0.0,0.0,0.0,0.0,0.0,0.0026655197143554688,0.0044384002685546875,0.006373405456542969,0.005616188049316406,0.0,0.018877029418945312,0.0,0.004176139831542969,0.000194549560546875,0.000308990478515625,3.910064697265625e-05,0.0007143020629882812,0.0,0.0030498504638671875,0.0,0.0,0.0018291473388671875,0.00344085693359375,0.0061054229736328125,0.00112152099609375,0.0033206939697265625,0.0023717880249023438,0.0018987655639648438,0.0,0.0,0.0,0.0,0.0,0.0,0.0,0.0,0.0,0.0,0.0,0.0,0.0032482147216796875,0.0,0.0,0.0,0.007808685302734375,0.0011758804321289062,0.00035572052001953125,0.0017757415771484375,0.00232696533203125,0.001903533935546875,0.000640869140625,0.00023555755615234375,0.0014476776123046875
ROI56,0.0,0.0,0.0,0.0,0.0,0.0,0.0,0.0,0.0,0.00080108642578125,0.001064300537109375,0.0,0.00028896331787109375,0.0,0.0,0.0,0.0006837844848632812,0.0033063888549804688,0.000926971435546875,0.0030431747436523438,0.0018634796142578125,0.0010700225830078125,0.0045452117919921875,0.001773834228515625,0.0006151199340820312,0.0110015869140625,0.0022516250610351562,0.0038557052612304688,0.0016794204711914062,0.0013866424560546875,0.000919342041015625,0.0012454986572265625,0.0,0.0,0.0010042190551757812,0.0,0.0,0.0,0.0,0.0,0.0,0.0,0.0,0.0,0.0,0.0,0.0,0.0,0.0,0.0,0.0,0.0,0.0,0.000896453857421875,0.0,0.001232147216796875,0.007590293884277344,0.00162506103515625,0.00252532958984375,0.011507034301757812,0.002574920654296875,0.0,0.011585235595703125,0.00173187255859375
ROI57,0.0,0.0,0.0,0.0,0.0,0.0,0.0,0.0,0.0,0.0,0.0,0.0,0.000453948974609375,0.0,0.0019178390502929688,0.0,0.0,0.0006666183471679688,8.296966552734375e-05,0.0014553070068359375,0.0,0.0,0.0,0.0,0.0019674301147460938,0.000560760498046875,0.0031347274780273438,0.00037670135498046875,0.0002956390380859375,0.0014801025390625,0.0,0.0,0.001613616943359375,0.0,0.0,0.0,0.0,0.0,0.0,0.0,0.0028047561645507812,0.0,0.0,0.0020732879638671875,9.250640869140625e-05,0.0012073516845703125,0.0,0.00193023681640625,0.0011434555053710938,0.0023336410522460938,0.009676933288574219,0.0,0.0,0.000133514404296875,0.0,0.00127410888671875,0.005919456481933594,0.008663177490234375,0.0038938522338867188,0.0020933151245117188,0.0,0.0019474029541015625,0.0,0.0
ROI58,0.0,0.0,0.0,0.004920005798339844,0.0,0.0011129379272460938,0.0,0.0,0.0,0.0,0.0,0.0,0.0,0.0,0.0020837783813476562,0.0,0.000522613525390625,0.0,0.0,0.0,0.000316619873046875,0.00042724609375,0.002628326416015625,0.0014009475708007812,0.007409095764160156,0.011132240295410156,0.012393951416015625,0.0028295516967773438,0.0020856857299804688,0.0029687881469726562,0.0004940032958984375,0.005553245544433594,0.0,0.0,0.0,0.0,0.0,0.004651069641113281,0.001979827880859375,0.0023431777954101562,0.0,4.863739013671875e-05,0.0,0.0008106231689453125,0.0,0.00267791748046875,6.771087646484375e-05,0.0,0.0,0.0,0.00018596649169921875,0.0,0.0,0.0,0.0,0.0,0.0,0.01015472412109375,0.0,0.013909339904785156,0.0010404586791992188,0.0,0.009229660034179688,0.0075893402099609375
ROI59,0.0,0.0,0.0,0.0,0.0,0.0,0.0,0.0,0.0,0.0007829666137695312,0.0028486251831054688,0.0,0.0,0.0,0.0,0.0,0.0,0.0,0.0,0.0,0.0,0.0,0.0,0.0,0.0022945404052734375,0.0020589828491210938,0.006500244140625,0.0,0.0011587142944335938,0.00215911865234375,0.0012922286987304688,0.0,0.0,0.0,0.0,0.001880645751953125,0.0,0.0,0.0,0.0,8.106231689453125e-05,0.0,0.0,0.0009136199951171875,0.0003070831298828125,0.0,0.0,0.004237174987792969,0.0,0.0,0.0,0.0,0.0,0.0,0.0007839202880859375,0.0,0.00051116943359375,0.0066432952880859375,0.0021686553955078125,0.012066841125488281,0.0,0.003966331481933594,0.016811370849609375,0.0049591064453125
ROI60,0.0,0.003490447998046875,0.0009469985961914062,0.0014801025390625,0.0,0.000202178955078125,0.0,0.0009212493896484375,0.0,0.0,0.0,0.0,0.0,0.0,0.0,0.0,0.0,0.00037479400634765625,0.0,0.00138092041015625,0.0,0.0006475448608398438,0.00115966796875,0.0,0.003017425537109375,0.005724906921386719,0.004252433776855469,0.0051898956298828125,0.0018634796142578125,0.0035762786865234375,0.0007295608520507812,0.0033349990844726562,0.0,0.0,0.0,0.0,0.0,0.0,0.0,0.0,0.0,0.0,0.0,0.0,0.0,0.0,0.0,0.00040721893310546875,0.0,0.0023174285888671875,0.0,0.0,0.0,0.0011005401611328125,0.0,0.000568389892578125,0.006435394287109375,0.010615348815917969,0.0034351348876953125,0.008195877075195312,0.006053924560546875,0.0046405792236328125,0.0068683624267578125,0.013520240783691406
ROI61,0.0,0.0,0.005036354064941406,0.0,0.0,0.0,0.0,0.0,0.0,0.0,0.0,0.0,0.0,0.0,0.000148773193359375,0.00119781494140625,0.0,0.0,0.0,0.0006628036499023438,0.0,0.0,0.0,0.0,0.00032520294189453125,0.0026426315307617188,0.004977226257324219,0.0,0.0,0.0,0.0,0.0,0.0,0.0,0.0,0.0,0.0,0.0,0.0,0.0,0.0015583038330078125,0.0,0.00089263916015625,0.0,0.0,0.0,0.0,0.0027790069580078125,0.00047016143798828125,0.0,0.001033782958984375,0.0,0.0,0.00318145751953125,0.0,0.0,0.000232696533203125,0.001491546630859375,0.0054264068603515625,0.004061698913574219,0.010049819946289062,0.006702423095703125,0.0026960372924804688,0.006230354309082031
ROI62,0.0,0.0,0.0,0.0,0.0,0.0,0.0,0.0,0.0,0.0011167526245117188,0.0011777877807617188,0.0,0.0,0.0,0.0,0.0014696121215820312,0.0,0.0,0.0,0.0,0.0,0.00031185150146484375,0.0,0.0,0.0045986175537109375,0.00396728515625,0.006855010986328125,0.005290031433105469,0.0024118423461914062,0.001556396484375,0.0,6.389617919921875e-05,0.0007915496826171875,0.0,0.0,0.0,0.0,0.0,0.0,0.0,0.0013132095336914062,0.0,0.0,0.0070247650146484375,0.0,0.0,0.0,0.0048847198486328125,0.0,0.0,0.006260871887207031,0.0,0.0013742446899414062,0.0,0.0025663375854492188,0.0,0.008947372436523438,0.014249801635742188,0.007454872131347656,0.0,0.010117530822753906,0.014304161071777344,0.0034284591674804688,0.0
ROI63,0.0,0.0009069442749023438,0.0,0.001483917236328125,0.0,0.0,0.0,0.0,0.0,0.0,0.0,0.0,0.0,0.0,0.0,0.0,0.0,0.0,0.0,0.0012102127075195312,0.0,0.0004558563232421875,0.0,0.0,0.005286216735839844,0.005473136901855469,0.006890296936035156,0.002933502197265625,0.005738258361816406,0.00209808349609375,0.0012149810791015625,0.003082275390625,0.0,0.0,0.0,0.0,0.0,0.0010633468627929688,0.0,0.0,0.0,0.0,0.0,0.0,0.0,0.0,6.4849853515625e-05,0.0006198883056640625,0.0,0.0,0.0,0.0,0.0037107467651367188,0.0035915374755859375,0.0015783309936523438,0.0,0.0053844451904296875,0.01703357696533203,0.006404876708984375,0.0,0.0002880096435546875,0.0022430419921875,0.009656906127929688,0.0031299591064453125
