X,Y
0.0,0.0
0.06962002335879179,0.2244137633464683
0.1363017007534139,0.11099306378902898
0.16289648574043192,0.1422884799730901
0.06601706441452476,0.0860658784686005
0.20745671035634583,-0.11402944885781341
-0.07870556147969204,0.23098978336128279
0.2996778368221155,0.013588784786478932
-0.22415487202512685,0.04420742638028666
0.05369521820153453,-0.11597834967133412
-0.12392123845325545,0.13526510249111295
0.07880547157711157,0.06556029773614394
0.09245428914087692,0.0593442085033455
0.14802541589195004,-0.11406158670427152
-0.04108498332509675,0.11338268774311597
0.0906393315616999,0.03615652152783819
0.15932238713565045,-0.1070091674342364
0.02172503074488201,0.014287717068271498
-0.04010432236052325,-0.08940318797490628
0.09476747076592401,0.08315888427365487
0.12170877584057113,0.1040794071483751
0.0253141283280749,0.10068227376995481
-0.0043341978919235885,-0.11001037773236454
-0.1290945445008449,-0.13119867701536325
0.11110355641408948,0.049742179131076585
-0.11597613833411108,0.008107333856085839
0.01997102690982632,0.016974754269637085
0.014125186002601313,-0.11596026525250008
-0.02811333692463229,-0.028293805130870445
-0.08184238180318218,-0.1386791449102924
-0.05575088417744466,-0.11609518900108014
0.04495874558486446,0.15213154261130488
0.1721521994784701,0.011335712974934147
-0.0026765927042336837,0.052892205167997974
-0.04122268514660636,-0.06018873905347466
0.08208847607752214,0.08107927394642017
0.2605594426651733,-0.20981069113760673
-0.11011170864294195,0.05851088188004763
0.06315826174513217,-0.06309317564833163
0.009859881292087966,-0.0964335875399289
-0.13731671483012786,-0.2380038058579727
-0.2490974972904341,-0.1613075619724783
-0.08073467345237216,0.06696005958672188
0.11836365175365364,-0.05231925126580705
-0.11517694620914459,0.06647037983421629
0.09625196812321463,0.03125141304925499
0.08816538494736809,-0.01798178391417183
-0.006735112591698013,-0.013927726735608142
0.014148071067044958,-0.015047746918710832
-0.09036336482675147,0.016533156622992047
0.12938993325646467,0.019596947122079246
0.22439541648564187,0.06681052999753366
0.17955094800437382,-0.11159508046215977
-0.07045709708019582,-0.003191698980494633
-0.033975724946248426,0.02715765865352918
0.015151809026815805,0.04711287731019152
0.20412943328319919,0.20935891450633745
0.07948598876523795,-0.029718563740484042
0.0025630069014473365,0.05085330596022054
-0.025025418046878516,0.16693316147341658
0.17252952516046038,0.040723032972955
0.014286459508026525,-0.029252169422167632
-0.07884165019898631,0.015758361987225872
0.058927880666666294,-0.07186151430392146
0.06293948840408739,-0.04628597009220213
-0.10814124243130212,0.08942790595257233
-0.07549860444473723,0.023418506813178544
0.0814912174736259,0.011181853590530397
0.17645231879734558,-0.12075328754911659
0.11618686939849963,-0.04021727077150773
0.10865854049023846,0.1263859768020475
-0.0607313226231687,-0.04874193747077184
-0.05166869546965452,0.0008013695444224209
-0.01772054399516544,0.030813203268064953
-0.059995691465808354,0.07842232043022923
0.08352537279010958,-0.12474281188456285
-0.18227325659583193,-0.06665726993326071
-0.13196240810907744,-0.07176792980381955
-0.03783097531286464,-0.05007623777358956
-0.23591860694560784,0.05279632375327876
0.03690202287205418,0.09201882221197721
0.015376490863487476,-0.0692076462232181
0.07965090909676105,-0.14337176168380084
-0.22733128706884992,0.01049773516750016
0.09792199890320925,0.006431664866171999
-0.30009420951847865,-0.1510967220741027
-0.20141055246693862,-0.047187982819128296
0.03977718328370326,0.09953517548494348
0.06185057349096352,-0.020994959606639624
-0.004846706758229241,-0.10463727751235513
-0.0744507435112582,-0.1906577192518086
-0.21223201933538977,0.0008007383883121867
-0.06264005121215789,-0.14732742542820199
-0.07266211857799754,-0.038539804603634535
0.03418380936173088,-0.12070605972172592
0.1026524328084056,-0.008923156582913263
0.031211017148986074,-0.022589098497977536
-0.14781317456527593,-0.09291350838579851
0.04964898951378324,-0.020833235777992877
-0.06685502058258719,-0.02610407045086615
-0.15095539236199873,0.10719625271149516
0.18424164466709492,-0.04182896702407207
-0.25285120656132454,-0.10862687598657039
-0.15580163777890793,0.0425544290369728
-0.018461304405701956,-0.08619032352833614
-0.18350921183190538,-0.0003713700723586516
-0.19747964033403959,-0.019111123168616247
-0.10049908816606569,0.041410721561757055
0.16032215944400396,0.06132580148393417
0.14920100860181335,-0.010070315815786709
0.0332352622478149,-0.057014035648129846
-0.09407057015371936,0.0488286038412257
0.03181198271705732,0.03550000097882183
0.06276519553294366,-0.04717660253596948
0.06393521923520049,-0.06380251569420288
0.021129885582501298,-0.13790918276859832
-0.25470903004236733,-0.039146592884404446
-0.03891871987608944,0.07909224758934474
-0.02038639114058617,-0.10444731644927195
-0.07642116272118275,-0.07061833057686832
-0.1781239521237718,0.03934794204709993
0.08541101083087321,-0.018030174704619893
-0.10518878307625354,0.07572039720747718
0.20260288828570977,0.0018587311026037386
-0.13234793733818115,0.120760613948423
0.1510594372316527,0.11203680770847396
-0.026173569560743085,0.10787774063639573
0.14738023099397815,0.01583614299452617
0.09496717155975982,-0.06660119062379478
-0.19461098097313248,-0.1502621555148732
-0.1683402348868132,0.04430447522239461
0.05283936208224474,-0.1480817871710494
0.009921611863995872,-0.006687276284355374
-0.05311652211130791,-0.22278210143432362
-0.21867563845960475,-0.056213457791102955
0.0018215288926451134,0.1133636611464926
0.0539443131808245,-0.08558531376686589
-0.20719942062137983,-0.11353325538224987
-0.10331888916141083,-0.17719471378586954
-0.15570639250983875,-0.004096874919768292
0.152269016111164,-0.04154929446735953
0.09081155868097254,0.021501752319983282
-0.03544366682125186,-0.03699156054795379
-0.14128693694397487,-0.12494154536380211
-0.12182181216470457,-0.005985735160901744
-0.055564655433694515,0.10815274941595894
0.15060133788749183,-0.02836577288569965
-0.18805986918082818,0.0041561630074529315
0.0018054150661238654,-0.05193990394014024
0.07567458337744995,-0.03374179295566088
-0.1549952651054473,-0.08797107896467302
-0.11464903323721871,-0.0999874614863925
0.014184864739515232,-0.059403803513475566
-0.02091902229488583,-0.16551032054550133
0.1782328686758539,0.11252900760271793
0.33566998490855193,-0.1411779577115484
0.028449721585159904,-0.07782697880299408
-0.053142120283202914,0.11297114469951157
0.05945379408212617,0.11754225361885771
0.09078005976018326,0.12723100162050516
0.2244507380662344,-0.0388080141375156
-0.16605926940234722,0.093884019257054
-0.01354071346573242,-0.1487277020175905
-0.14270811962266164,-0.016609678692704084
0.005891790167196334,0.12253479825238943
-0.053072210558841676,0.13239554103986972
-0.007679266950494507,0.1388520762580713
0.19635401853060858,0.03279209744587612
0.13717768033720856,0.03886219387854116
-0.05050209777476297,0.02500596550774619
0.2586094723521418,-0.08433129996690006
-0.04083424979662109,0.09297471418450673
0.22466066704780935,0.06867108705714009
0.05256005193108687,0.17953891111780593
0.31742868691027504,-0.020509009891692066
-0.06989354371255077,-0.10996292849447535
-0.15438850502248086,-0.03234001840025967
0.08974884560371622,0.15374787506742216
-0.06246184294522074,0.12495950436566743
-0.054268025517404256,0.06742096870115366
-0.10407229287814583,-0.1534396780955698
-0.14694190991975456,-0.06307264760357895
-0.05186761240311497,0.0662847589274012
-0.08784774456113664,-0.06541971525932214
-0.12880035500928863,0.11199092678297479
0.157095840885305,0.020111903107798382
-0.05629204788885979,-0.0047438056075101015
0.00025070129633629435,-0.11794432342176243
-0.060798932917135874,-0.12128537008215397
-0.13757183577698834,-0.08469357199180537
-0.10809741010112384,-0.012369628623940641
-0.1146945218499249,0.04494602945762985
0.00457068118008333,-0.17106436915546394
-0.11502081971948226,-0.0029326717860454305
-0.07850289420716174,-0.06895477615775089
-0.04378872031028356,0.1645026813429861
0.23356193839950307,-0.08400281693134148
-0.34723626865692636,0.1977706106916124
0.09836833070961337,0.10364415158081744
0.10088225420365601,-0.16732974464032607
-0.10729660171269202,-0.07368566697574722
-0.09764222534485217,-0.11876551933952456
-0.019514303576592965,0.09007418642410414
-0.023259673280176182,-0.05390869900601165
0.15489318208968705,-0.004498299594222696
-0.10817397710032794,-0.03295837972844875
0.08076368941450508,-0.13714536398551708
-0.09424648649446883,0.16948733713707606
0.1585746142388605,-0.15759390970035636
-0.03355373585963395,0.17724200578536162
0.20679055264167034,-0.031175602278673165
-0.10934698825309065,-0.05673226953715105
0.022813284884371482,0.0614894497321366
0.04125292432680262,-0.14405222702087409
-0.14656751795901313,-0.009317431735681433
0.04467875276110243,-0.08113018194015281
0.011471262352430359,0.014142881886709395
-0.046811555153900924,-0.053114181047188146
-0.030886988706688046,0.08232705195505169
-0.03637590579897024,-0.09207314996589949
-0.191261918715687,0.02585051148104759
0.1259211949635764,-0.2764253566882286
-0.09844185341771611,0.17436097241427362
0.09566274319741172,0.13823115892736149
-0.04098932557102661,-0.03192435336477274
-0.0064459150267056516,-0.006288546557861689
-0.3214406257143987,0.06557141764666838
-0.06052562545915146,-0.020673219589630067
0.06027944175551028,0.15776768191760637
-0.08058422619187539,-0.11027802903646783
-0.07159150024004163,-0.07787791044104514
-0.00019085185749666278,0.028587883894578184
0.17793206585549828,0.09078301701308511
-0.1059178895633468,-0.16796914276612285
-0.2854262363938019,0.03143009390408933
-0.013263973340901507,-0.1139353162074169
-0.01024981333476753,-0.12284110034117492
-0.10859412148356892,-0.09430361524538237
-0.07355878648767421,-0.07287714236313492
0.19863476112124667,0.11762049571456869
0.05446386503221517,-0.044711684049784185
-0.01154630794888959,-0.12213477973292389
-0.23876627474604634,0.03431051928658786
0.07552325492041262,0.07020886956410081
-0.040182912520685385,0.0030192828554742946
-0.0778049231707397,-0.06445822156187142
0.10500000833002426,-0.05580971309962955
-0.09844988553180514,-0.02297677295880223
0.11338068579295475,0.005186360985432563
0.043915970155615935,-0.02321373131173862
-0.024795787602320162,-0.06924393465045055
-0.13770599435156755,-0.09780702792649687
-0.0856556564434745,0.08179800664725406
0.2429088955945003,-0.11374387372770203
-0.02352821411642876,0.10307515220426783
0.0511523079336702,0.03461271707473005
0.02135920026556836,0.1469970902464343
0.023435437643446536,0.004707334192475316
0.11454453080730453,0.011556054983314646
-0.02610354722684999,-0.1362812136924574
-0.08259471972127823,-0.007868777450252573
-0.06966120197932704,-0.22265671537319906
-0.35789319694635896,-0.020497688305266014
0.0899424748622894,-0.07475289688952347
0.06289412602760458,-0.14349583136876154
0.08922526440737708,-0.04136204611927321
-0.02052317232733794,0.18176853906456147
0.1747055752760269,-0.06224233055873088
-0.27588992496624437,0.04118584630720565
-0.030968180858426543,0.021447272959657846
0.1309353003710551,-0.15421379191074439
-0.022126129126189928,-0.08384454587627482
-0.14324744916294718,-0.05669011414700452
-0.13446119189201472,-0.0746187770911385
0.016026840985271698,-0.040734311390263504
-0.021396631552472997,0.09293384233495985
0.1863899310051398,0.1222929334843168
-0.023514612102563753,0.2670261997553517
0.23854378411259608,0.17741842752086656
0.1619368796730032,0.21000088953503362
0.0649571333277745,-0.08753028016755122
0.021990744826468192,-0.02234111112659051
0.18392159369695876,0.15638419208181992
0.10494370466047956,0.08766833043705383
0.24871028963416153,0.08737383979243182
0.14920857689018954,0.1104080976195932
-0.0820097801011474,-0.07151951434041776
-0.14136505948314904,0.18854914170778106
0.13752815268711738,-0.04091028446652335
0.08370243889912976,0.17042159433287754
0.13186969955076983,0.0066970489796773485
0.19838591583665505,-0.03673930503196155
-0.03673293231582886,-0.1236981735746983
-0.014091885434698054,0.019432048542943302
0.09896844461892643,0.07720379596412931
0.11731731079266694,-0.10265377216190419
-0.0545192137764227,0.18611645948532715
0.014804750844125136,-0.04151122740059276
-0.2862556638979307,0.1098926939355365
0.13088847540957999,-0.057200251818788406
-0.08691399604449035,-0.017784618439964733
-0.23144793788773288,0.00510425493544462
-0.04998462823659376,0.02385924832541864
0.09027340035997632,0.22249045198059822
0.06373920156759662,-0.06029757051286479
-0.05342561676490063,-0.02833742141862949
-0.11392635719560217,0.006054802211449641
0.11972206008528931,-0.011063320436179774
0.11357493288531756,-0.025105893394927137
0.12367245859526023,0.02884430307610841
-0.026751695104878275,-0.0042069647671025955
-0.16029533000219143,0.008707543120558155
0.05301794471831514,0.07957781216146173
0.201848420183751,0.18062448721284588
0.0684428571794854,-0.016201636413069376
-0.003595952730876744,0.09009860169677425
0.06624145554395144,0.01748100869147275
0.18727897421638037,0.0029661727176131416
-0.14872269236191907,0.12312074175992217
0.0030180789855809853,-0.02931132464232986
-0.03979348735049594,0.060637284607271476
0.02411833158631827,0.05801542136814644
-0.035048654156740786,-0.02890802831221317
-0.03817169382360611,-0.1113924174821081
-0.36226884855350105,-0.1273246610411121
-0.23970636071192145,0.04766194742631611
-0.004792245077503046,-0.04079040996908748
0.04390603741905686,-0.11418945754057461
-0.1243611946546577,-0.015478389855780362
0.029165241634448363,0.057292545066657444
0.0060927800411025995,0.2073902735634652
0.09047711825565186,-0.06443496807110742
-0.1894056109058306,0.07006284690055029
0.03590708767518784,-0.0345060342263333
0.1020176922241025,0.14563846587867627
0.1116380070293744,-0.021070494625687997
0.02171349501716912,-0.03435411082230388
0.06264936868350413,0.01057645273268023
0.050442440832835035,-0.040322547501710784
-0.15034240852748265,-0.1025204330180342
-0.10611567252040183,0.12883747255819034
0.11230962488719995,0.10567698757185078
0.0996083778049873,-0.1468286533206628
-0.12281321936148794,0.20415385406306147
0.24823948372219323,-0.041082613421362726
-0.14588681522599528,-0.04948152497564336
0.009826674628713498,-0.17259015892920015
-0.16095271256184618,0.08579229348837068
0.1867975173535918,0.062075895525309385
0.18707303429270616,-0.016210352723956805
0.13323118968751613,0.12105839473763678
0.039083834019715186,0.06946959152740831
-0.06902380674453623,-0.012068778271929082
0.08937229994646681,-0.1319872557908406
-0.23329411474374434,-0.13303966734355202
-0.13227358631291536,0.15969589057383393
0.08431201357680751,0.029346718836741018
-0.13687367412047816,0.04024999864439165
0.00046072007825607997,0.03424398658064917
0.030379095460912185,-0.03557785686788865
-0.14721579993176473,0.06834360353457888
0.00931595446157521,-0.04371297202847832
0.0072173981845655155,-0.20206181655079652
-0.14626449456688165,0.030306755786124986
0.20985730876310457,-0.03692593955848052
0.010127048046258934,-0.08009365804010607
0.02356118033211836,-0.015636060982652803
-0.0738701043284603,-0.11919063231067985
-0.10117061649321508,0.027357901433867356
0.09436637572415199,0.07114437584041693
0.1320876646004307,0.013692948787673704
0.0985041668422893,0.22885651451375363
0.3307363060367522,0.04125795980548962
0.04723984978761955,0.100875021539346
0.05722220866391574,-0.13909277404608558
0.07624751042273756,-0.0893404090819713
0.012203629570058064,0.10776159670468113
0.04578210920435398,-0.16795991706954982
0.026406082453805074,-0.004390900162128686
-0.012942044967798891,-0.14149821307918392
-0.18654849782521643,-0.15122016031789903
-0.13245131773923086,-0.010119571679628344
0.08612838952885331,-0.04644483073193639
-0.14199778269486016,0.16133086501759109
0.007077419212581509,-0.08368389927609962
0.03634079610955021,-0.16892376117798547
-0.1279408541768201,-0.12052342736758456
-0.2918482855153041,0.1761814960332756
0.1311480083774461,-0.18113734771664286
-0.13983958107416056,0.09279203444179698
0.27747876018052514,-0.09981008583500912
-0.04767802115968151,-0.042935133069780786
0.11665239779648674,0.019075428157362302
0.044826238955338826,0.07184194545379324
0.030120490272677825,0.0635718498786513
0.041929333601168885,-0.2201511542812105
-0.28890999123460853,0.04986453530141152
0.11550442971143324,-0.11109866746568765
0.1804192817320267,0.00411533307389371
0.05042380848467112,0.07880995784081317
0.10757237137376305,-0.033430374646768464
0.20104045523608732,0.0913554430512167
0.03195184646705629,0.09519373720052887
0.05977998861118344,-0.10026808230667086
-0.016251371683836377,0.01958502246089591
0.025927713867280804,0.17685303592608834
-0.0858056050099214,-0.09545322305383953
-0.03907480500755361,-0.18351408961147098
0.00172513663023411,-0.05915769905927115
-0.021992645053963554,-0.045511189980121054
-0.09213395760911082,-0.09648358370527178
-0.06265041557816274,-0.20348984213620486
-0.1357453946615639,-0.026504095089301304
0.04205563026626144,0.07375779616523105
0.041978265118253665,0.013296065473481566
-0.03882207835418309,-0.01310521053823516
-0.23600640456701727,-0.004017385734598047
0.04738459680591531,-0.2350524786824451
0.07950391400485052,0.04521208922832684
-0.031151619466221775,0.1485444840893207
0.10989730521874973,0.014279054384970676
0.05792260518656836,0.15171875018314307
0.14522231565087115,0.06704367209056662
-0.07898925062948312,0.06866956527180924
-0.1759503593719665,-0.16931099264531485
-0.014050972428087866,-0.06657883260434982
-0.07956932025130829,0.0830632625366708
-0.0658495271366708,-0.1374463282095618
-0.05704100350121073,0.015596474951424882
0.033318882170007016,0.035628371109027876
0.08053963528612086,-0.13702563595106254
-0.1229653051518935,0.2164051506107429
0.16678404484217774,-0.15160933640096214
-0.053394691364779465,0.23532124908817098
0.0442630436971756,-0.11598850523858065
-0.0867588235874045,0.0681940182781588
0.03199377459022531,-0.1333185055044178
-0.2140247102200734,-0.10468903201209684
-0.08957043820494144,-0.15189921357852024
0.0035410799523988984,0.009109105339790854
0.027465382607303607,0.060080862782009296
-0.010099532753796991,0.1363505906693978
-0.10051153083924402,-0.14905972913914875
-0.0370679485711867,0.026400067258067927
-0.07909567625411244,-0.10367383381452827
0.05494381578065803,-0.03430309005637373
0.026184074641292302,0.1368640963576464
0.08060666436654527,0.03292593090724362
-0.08264081251524262,0.08182781029973787
0.12392357885632593,-0.03662245646628622
0.17407602237514924,0.08928105662992465
-0.005498901030006061,0.21980056887527508
-0.15066120843967193,-0.06145394933443982
-0.07104620117534349,-0.1764375146031943
-0.10208507971496072,0.0036127234524882187
0.08116563240914126,0.034643919253811634
0.16650249954685353,0.07230821256788483
0.18972113908904853,0.1764083762452533
0.009686377245147381,0.2118093274044491
0.04066830102356443,0.05883871707701376
0.05058338213514648,0.017615673241164663
-0.09111292953656978,-0.021011300619914706
0.0011931197965700663,0.009862508440698012
0.05401409749271798,0.27926121301005175
0.0980651419273815,-1.1565948916048008e-05
0.07515352959252647,-0.06066358465276907
-0.17898592655536,0.023367452467885422
-0.007730319882349221,-0.018587588500289576
-0.1948933772265102,-0.0395412858321969
0.004608991284990854,-0.1876276630167406
-0.13750319679250406,0.06817361933944399
-0.09737357993398135,-0.2474542822195486
-0.046750334395190565,-0.08298070846134614
-0.1548118874648013,-0.03557468664227919
0.05661452779480081,-0.31301969062274837
0.040433550964822595,-0.05377221706104754
-0.08141063573736945,-0.037357855319619854
-0.14493124629986168,-0.00954464430061143
0.043239937359070064,-0.05590793761515689
0.016600347331040394,0.19380609809504434
0.12948993366319642,0.18981963938765423
0.11288039756935342,0.04243294157883843
0.032019759743960076,0.036593392556358996
0.06016114916590365,-0.10770751811292745
-0.07355586678018909,0.07781957054940666
-0.09151596373100548,-0.13166864737629544
-0.1810079719118478,-0.04714365057196572
-0.02078306825511337,-0.1864638484264954
0.01783866961502705,-0.14578563204817652
-0.2420719975798542,0.10863816321889057
0.05282961445143339,-0.27061847249574744
-0.10646876357844473,0.012612270261626396
-0.1825268029873203,-0.028877633710364385
-0.08553684929465422,0.026118847038146348
0.1373021192804264,0.04171465906385377
-0.023324743867880696,0.13506099350168527
-0.0675400185581535,0.03594943902432575
0.23254887064468682,-0.07254704309833951
-0.008755523577802127,0.2879477221698131
0.1786619526583746,-0.1517213971817115
-0.21745136052032685,0.13052048221926224
0.02674946772266196,-0.15918679847814837
-0.07557633979929784,-0.043232643787648295
0.0005928899665430063,-0.028136716975493112
0.09194091591962969,0.15713704168825257
0.1320477513397823,0.10647218575750438
0.32983847570845704,-0.004121479840218253
0.23117279079697145,0.1587981670578101
0.03088382098930293,0.19570620774099956
0.05128444453577306,0.05863804100628886
-0.12047276640733066,0.1247739597656145
0.011015678881334503,0.15279928115186175
0.01516910056790078,-0.09516707291057858
0.042135292414719396,0.237713434923158
-0.22079911575556238,0.023136450214005497
0.004811698116259852,-0.14388138933379424
-0.05153615937226583,-0.09275225755486396
-0.13655593822059775,-0.05941494799202217
-0.2373746197930935,0.08429476429140492
0.1842991377670018,-0.14415567132201282
-0.04447130417092941,0.16443014707197454
0.06205002781013447,0.020882739655841996
0.06913105305707665,-0.06922632915480753
-0.0458477799267676,0.062115858678372396
-0.014949782798288277,0.09606425780175187
-0.040997038962884286,0.14491525179093065
-0.07910498524449526,-0.07984710196006048
0.02487511791563615,-0.12037414034924168
-0.0772490681487351,-0.07552637718119465
0.0401859080272052,-0.06725084569276393
0.2947419584640894,0.07750863163616797
0.21608740869368784,0.24483800251346166
-0.04790456397649892,0.30386565857322373
0.0015992335369540561,0.021797548134433575
-0.09025182135623669,0.14445643775820652
-0.09549134574873883,-0.20459760425582263
0.000619105624011379,-0.09394606438102393
-0.019371252474615533,0.0920867664068175
0.20493077155938144,-0.0701601530897058
-0.018227495929142922,0.20753177191273048
0.12524389894166404,0.05843718559248735
0.13123227913827498,0.15902268340406642
-0.08133782199429715,0.1316727612674331
0.002037920266056408,-0.08770537819736524
-0.030890103579652668,0.09229384273717346
0.043006982587687766,-0.145665970694986
0.1037566434146647,-0.10653011763340486
-0.14317252196167954,-0.09678725777016825
0.004839609077814926,-0.06449667374037737
-0.09923543114153417,-0.1339304329454581
0.13873283025612124,-0.13296152440917886
-0.1766771993562086,0.02720824304021091
-0.10537330966551214,-0.09714989850343832
0.13907444981751907,-0.11965911287926359
-0.055243073178403414,0.10472064276018792
0.05030436618907877,-0.0412473617949857
-0.06840734365599146,-0.061063999238311045
0.08099792878232988,-0.1142585922632634
-0.27932513889716565,0.27522602423253983
0.07662356313658751,-0.2699279615579233
-0.01289345210583489,0.011665221093887242
0.0228103388584628,-0.054909485375325834
0.026870276711944106,-0.032011685554168404
-0.11537979922051314,-0.10487168332169508
0.031616195784791364,-0.04680827962175457
-0.10412288379095974,0.13070479742928603
-0.13554230679076762,-0.09879267454891735
-0.1078399783181831,0.15835019544337808
-0.20770270926315537,0.0884180463799651
0.010685915998040406,-0.12223681569543893
0.1569460620973314,-0.010714828329185196
-0.08411395952316922,0.17101798663551432
0.17573600243198506,-0.12134771379124307
0.05602057717255592,0.06264828031375752
0.024630641277106687,-0.0068755054126249035
0.09100972658893813,0.037505531030536846
0.005137681901756374,0.055481058429831955
0.06503263413329705,0.026198489577682914
0.021664336585009242,-0.13431796760976764
0.0038097259816195113,-0.004409678670758468
-0.10571556493281338,-0.09954763916812914
0.06104407860202764,-0.13709685922471432
-0.03856898216942728,-0.0011162758897936484
-0.00011831712949369158,0.07400058391179071
0.00029911692662699073,-0.14059472342702997
-0.06972909210998245,-0.03738496944737659
-0.03407898517499796,-0.07417725653956901
-0.015756956264495473,-0.07392073007592827
0.06385319049894203,-0.04992069254053253
-0.05443741547811609,0.07163559975955427
-0.02002788428582599,-0.20805181087146624
-0.05480469471321106,-0.0026401441172759534
0.011451757128967554,0.05784432852779895
-0.028178520738316913,-0.01633530264713425
-0.08474400382068059,-0.10270646613352673
-0.2147192537552553,-0.19774185394976523
-0.03770828889984743,-0.1818925694368298
0.011492783294843566,-0.09573817107191908
-0.21894453914037623,0.06923677290787716
0.022346926500515254,-0.26746321772280673
-0.031091735722446487,-0.03267993552886235
0.07865022721405127,-0.22410846969876883
-0.18012895264221182,0.14909418333069227
0.1689606343862447,-0.27673222675705544
0.1436595903745428,-0.02420509867766997
-0.03600108108020375,0.16282048095084123
0.22278328491462737,-0.11455947286465355
-0.04948546416116568,0.020831816872226516
-0.05639729935325967,-0.10212482821599839
0.011092340576515279,-0.14657686440557666
0.07138081764768175,-0.021043044679352432
0.06629032572835085,0.07777936937626664
-0.014743897549375735,-0.020371163458866116
-0.010103569551986533,-0.07774703814813531
-0.16227001657435824,0.009970371315495326
-0.02782853222686407,-0.17368475461400198
0.10324505497412001,0.02796728719668469
0.09071661245472058,0.08286585230765633
-0.009059757584885177,0.033246426805618214
0.024487695627097062,0.08009542915555538
0.06530295484030432,0.02373240969438781
-0.07464145312707748,-0.01606218596963429
0.053641662107774865,-0.059634486069139334
-0.02213950566768872,0.02507757021061826
0.13615639232509855,0.11754136955987922
-0.05333133563629964,0.05679257475872492
0.053193240001413136,-0.014916645974754589
-0.022847322864648446,-0.008321684578527937
-0.0032766875058099845,-0.07918299223406586
-0.043970455481651814,-0.13879625636578244
0.01890851254741916,0.01239820658511185
0.10071605920072878,0.13617683827610225
0.14768137938839215,-0.024694472789214897
-0.057006407459122325,0.1629707331216974
-0.17763506597610523,-0.12578955817216664
0.03629204845715907,0.07852920509072024
-0.06982202100961674,0.06527820332727072
0.003880883663330009,-0.1434307461658253
-0.15240234020040475,0.11992968623926295
0.17151280610976977,-0.24079705133842022
-0.04770641178980935,-0.013057923064183255
0.01837912187669479,-0.1563441685790344
-0.03539291548925185,-0.004566650719725439
-0.03298458525281391,0.010372597135715811
-0.13066195042860398,0.21842977682233877
0.13647637952728892,-0.1349250652253845
-0.12550954903206307,0.025869286336458727
-0.056854540028106554,-0.09650084109008561
-0.07824141403303873,-0.025483802497473368
0.06293842373213276,-0.05322053483640619
-0.0036777890438767936,0.1416490196271706
0.02982346220513993,0.1026363543601863
0.1348145415545051,0.07234722233449525
-0.21408253436820232,0.07736085703710588
0.08904524428263397,-0.05614898710207819
0.06416993642056151,0.1689109613528815
-0.028964579634096432,0.1963452796886004
-0.08104069247773732,0.046807873645156664
0.005091689930298914,0.06754766704766135
0.059063747829571286,-0.04732759144755
0.18579098563048935,0.03513573712057351
0.07541217406001768,0.2188129055817638
0.14540511942947712,0.060626930652893304
-0.025454980282662062,0.24220015288938884
0.041373504633058715,-0.09153531914868424
0.12151928534696407,0.15202356301042838
-0.038269098228157564,0.06811649554854889
-0.009976939468100018,-0.07723719063559209
-0.18535367470502692,-0.22127436245348175
-0.02710296073862208,-0.32456984243491616
-0.0621772715223071,-0.0348388829144272
0.051879283924443645,0.054031459249253004
0.11462073866400942,0.18716274924608936
0.1085663336537949,0.11442549948751343
-0.014991896011810828,-0.07154356666017153
0.02914159715775436,0.01046331185508564
-0.08068049528673404,0.11986510829821329
0.034426540192841304,-0.09831191742809747
-0.06268550823944924,-0.07178928007788207
0.006156597311781127,-0.14408861347471
-0.24575043817829667,0.1381689030714929
0.02693623195491814,-0.15277547892710025
-0.04057960448614767,0.06687410848542297
-0.195883230134918,-0.10440578118991506
0.1095892782308826,-0.015275178101023593
-0.12032162686871632,0.21543412332929787
0.09288226144696045,-0.0030240850441400624
0.23043735132828175,0.17941050907279665
0.0014941434438194706,0.17839873439303874
-0.06165623862188047,-0.09183881618166381
-0.0014316574757607427,-0.1368130239678586
0.03149240406499276,-0.20046157873091908
-0.19159062041519934,0.22588889034717052
0.10840993781056574,-0.02337063419770799
-0.013092134374936101,0.0021158488597763786
0.10208024847037475,0.11954736907223691
-0.10525440234031802,0.12229625226021731
0.1856867221099653,-0.24163222118044902
-0.0024317311626209093,-0.0026877968197035196
-0.04342300112380356,0.08720996746596124
-0.06669996819897993,-0.07387696836368537
-0.09967845833005562,-0.05055547112102781
0.022384921704250618,-0.13561259771044093
-0.14854216115785315,-0.0489977416300635
0.014574841754844275,-0.11173255947694206
0.06313029136800033,-0.17993695093096745
0.018528217834718023,0.11003967586408087
0.026096828044372508,-0.08298689761323717
0.012977842133336213,-0.028234595618456423
-0.12267074255759743,0.10588625089913717
-0.013909436936172987,-0.11638528396575758
-0.08434432129726795,-0.016165018502489942
-0.04329388215294108,-0.21835129501645367
-0.10436517483170885,0.05230980638657362
0.1245643100439083,0.13627682222484844
0.04997782187543912,0.15135164558304015
-0.06482512942061976,0.0259124446101135
-0.05724537327284023,0.018652835411699632
0.17185785201490159,0.044247912488077135
0.12943794530632596,0.20803304956062185
-0.017010978864682107,-0.06133782858651003
-0.07076281487513937,0.12889241450045252
0.162979294538111,-0.15527670433209956
-0.15015791702471398,0.12076199511098716
-0.07602073857738899,-0.06920050416352205
-0.028141685114527762,-0.1611945978036435
-0.10150833860072699,-0.0445938070579066
-0.16285403219544412,-0.14351572967472614
0.02379489056887364,-0.1818482549965243
-0.2051092904930296,-0.13405804557293272
-0.04389380328751827,-0.16063753526135222
0.031748466918901604,-0.019540564353648142
0.04541873963327775,0.07670424133337796
-0.08950232104376526,0.0796975426728865
0.1324614622417268,0.022384502153221963
-0.013883912932217742,0.02189474880570895
-0.03857932048952167,-0.11156772773146993
-0.019080728879654445,0.09938274617385216
-0.11199844364560683,0.02764818688794605
0.0614984041298032,-0.22009675603204598
-0.06615986098321633,0.23310078732244488
0.03894665808900004,0.1043570383453898
-0.07151353836865423,-0.06326758438111922
-0.03504135036188195,0.01831494960454852
-0.04664138845349516,-0.08217486116380888
-0.11457137254184742,-0.10229785056339905
-0.2072707288273658,-0.023980805999124638
0.034789953601295324,-0.09623085933872139
0.07750619764256808,-0.09524350610080326
-0.03114156298843266,0.1500189763858953
0.05223316551450614,-0.04897285723485244
-0.2668717823180672,0.03571831334943565
0.038294760028856886,-0.2253546785833403
0.006584316554013876,-0.017178328159884498
0.0885726463516061,0.13151884146841752
-0.051777657942275464,-0.025975263720191384
-0.09505704475302063,-0.046509471952488626
-0.13291931337899518,-0.014408039203518366
0.01630997180930331,-0.07042865961664893
0.21902390336500716,-0.01087332335208553
-0.1054663509284422,0.10116039331099957
-0.10028160922054616,-0.08198803683063195
-0.05472647156768268,-0.11479327115064891
0.11871635263537637,-0.1556722949278719
-0.06721882157933287,0.2003382015973852
-0.03459046784257164,-0.20968663561023526
-0.0621898975714786,0.059910239253822196
0.06182696543328262,0.09234176463545962
-0.01553545241297577,0.15882366530395628
-0.05380374513077509,-0.034019391809345184
-0.09734768122998377,0.06921415512091839
-0.17225141662901616,-0.08199276164866065
-0.15446782584714372,-0.07135961897650557
-0.08049333774210016,-0.04882380239542401
0.07921104896439041,-0.025030987042707085
0.048635503984854216,0.08856644683430047
0.025892601621908075,0.035977323032942245
0.06310622845443226,0.02914799502001937
0.07139120659364567,-0.0282079050788146
0.05506280113940674,0.10556693532720435
0.09108384007666254,0.13741604972254573
-0.021547532892460947,0.12229578635218873
0.09797003922331977,0.02632142580681495
-0.048699232979324936,-0.0018222817228583515
0.16259793238446202,-0.1923472846400234
-0.09286929731289792,0.17977632483385353
0.03673034921807222,-0.16943011851653622
0.10543616268826504,-0.12269392732825926
-0.12227470884788741,0.09175053074381792
0.10536700734087139,0.05387620898592782
0.026960963782198047,0.032650997122196886
-0.09600686324752693,-0.06615794212615536
-0.03861794902979511,0.020362311284429724
-0.18123553124061362,-0.023006421624775127
-0.08699145897786006,-0.18498063347345625
-0.2014308905308136,-0.20206865526702328
-0.0015318008803617972,-0.030226591193327434
-0.16192000746087182,-0.004929794908880715
-0.00936411047365367,-0.25626739564469936
0.08425873557707222,0.07313343718831083
0.13942729775688567,0.036347421782105295
0.130147850181856,0.08416527783864235
0.18913832623321541,0.11883666444087818
0.09818399615075717,-0.05823389260679983
-0.09047795017218968,-0.01496087401683889
-0.11352048997243211,-0.10217556088867494
0.04146858462532728,0.08175708060900969
0.007375843683466221,-0.04593147033528823
-0.2019644803304137,0.10474262682032878
0.2836910591795438,-0.024664701806094907
-0.08457911054970801,0.05820019132416321
0.2483202598964526,0.05099226074976454
0.14256111484268513,0.18818542572673774
0.17091669663067766,-0.017122791998623495
-0.09094834354845374,0.08764167103921477
-0.0758114126991243,0.020184868692060712
0.02604657802266702,0.15843300232547175
0.17459669914485318,0.23534553526052246
0.10755860773558043,-0.09883859913306188
0.24650449853699136,0.062058783102330796
0.08983994342251705,-0.0005828496012085585
-0.058671347956223203,-0.05128198996065148
-0.021498387935356134,-0.1360912147431099
-0.18217037382408638,-0.023838119060978713
-0.00691411881547755,-0.01419905080361827
-0.11363788566116356,-0.16983569684661445
-0.13961648333382082,-0.04403135604233496
-0.19037541529377586,-0.1820469614848545
-0.21912862393959576,-0.10780648121335656
-0.04853533019097651,0.1337816049116592
0.059990256748388884,0.19049768998898597
0.06721236332287223,0.03054642753027248
-0.03930509243362906,0.14091431365000445
0.2460009892238117,-0.05719035087584588
-0.06313801995070438,0.1863965885861273
0.09095282092793927,0.10056776222981159
0.16020472276198988,-0.14401501840938263
-0.07316097565854748,-0.03423652605231776
-0.07856337503051276,-0.0879553529814573
-0.0995850524133786,-0.09830108152292794
-0.24309618697715393,-0.09341378275867676
0.09072042133176372,0.1788707225395551
0.044205491990853565,-0.1937146953306198
-0.16674984974682172,-0.19484890968811114
-0.17272506148875583,-0.030863138759894784
-0.009077914820209608,0.06346220525641058
0.027760609080030738,0.04517636163222926
0.10520729571861989,0.07530852774398701
-0.04128950899623773,0.09310553994134149
0.20723456117809472,-0.02539633394352014
0.01673454487121679,-0.1838955132190474
0.0395806752881544,-0.2769559911773818
-0.1951296536100709,-0.04964612925301236
0.016726646543943915,0.015026399534153807
0.04417532791403162,0.058652579388687995
0.04087541342647012,-0.016424347884452663
-0.007418590576626296,0.05736295981809342
-0.01116647594486582,-0.0965376225693028
-0.1308198415464502,0.049811877596382344
0.0017581642131738531,-0.07965089657570656
-0.07037179840321346,-0.0153300640061187
0.08135296039486414,0.03182008061863843
-0.09509995605698046,0.0021718350890084313
0.1371308458974028,0.11858173475601311
0.11216221591098713,0.23339533218826314
0.29069621824105346,-0.0052876912962471
-0.08454902965396233,-0.18741199276722506
-0.08166011528464763,-0.20817669690076993
-0.08164772946080802,-0.08840456704480597
0.042078319645992374,-0.0568480217610749
-0.16904661668619622,-0.0029252611547404047
-0.1142808967950823,0.015653516943917024
-0.06887362903438671,0.04447874879141327
0.0682181539366716,0.0779466936451764
0.023299799923556325,-0.01376239120144486
-0.05633570789458108,0.016337293808100763
0.08165057808691718,-0.018343437665322832
-0.05373102516860439,0.016320741279175016
-0.1402179788093564,-0.12414613442204575
-0.02656227417766105,0.19629657216016744
-0.026493639182826018,-0.0901396604059896
0.05591612719128733,-0.0031202404058173366
0.03574429537486687,-0.043804309722076225
0.04722869766323423,0.17826648407666512
0.007537785565076532,-0.025914344696636567
-0.12967273787927813,-0.13475257070851568
-0.1495554467621528,-0.16165517618831762
-0.11318315603675683,-0.004622568921869201
-0.0066540157194203055,0.13298341835196195
-9.189913386054016e-05,0.0950407397661794
0.0853088374837596,0.12365182179203991
0.1059973023647956,0.032788079742492385
0.038082125989700386,-0.011983956933117951
0.1050910191547759,0.014966210771237996
0.009041584098103654,0.013524011492127296
0.009738707296887675,-0.05456502832817822
0.17741435808963618,-0.07055681273497785
-0.09459985520206315,0.1354501022700808
0.025514379491001604,0.00927361513460551
-0.048206873651425584,0.03082791800269868
0.07348814466357248,0.0787294861044517
0.028890790447700203,-0.04011626973039616
-0.10637250543512453,-0.19141913943348576
-0.004307848610094367,0.019243876356610186
0.1448415238414668,0.11786710398693802
-0.011082070092093554,0.05743020761523123
-0.05907047255160003,-0.0704724004815795
0.04663101861337648,0.1904335645165326
0.11184154396259098,0.02501806665532253
-0.019987575303973715,0.11242686823206957
0.07106776860690016,0.16787521476862527
-0.024394146791540866,-0.026866840046204106
0.06776416993646117,0.14251681820689494
0.09726216157390952,0.013388928324302968
-0.06292328818636025,-0.15761345034080187
-0.08748488541052976,0.05218147150949314
0.20961649086334408,0.03894669417384948
0.10529387470413977,-0.12849777088910258
-0.08753200775458517,0.07614423600788618
0.1597289731076376,-0.09719977129751625
-0.10399999255546027,0.0976255689968377
0.101733225247383,0.003053187200355592
0.03237739350827312,-0.04099921845483428
0.023829826154921054,-0.025288521996712006
-0.10651046039136358,-0.03637448416728484
0.18935152473544528,0.02385241763081545
-0.030415864598561878,-0.08575126052163064
-0.21113908009411805,-0.03716286612667263
-0.03774638268970759,-0.16747517249795713
-0.016931846717148813,0.062120712065043326
0.2704714044170971,-0.07981579317775189
-0.21744939252937828,-0.06027651187464071
0.038311709857608255,0.0894850485313621
0.013797067089050472,-0.09540242164925503
-0.1768521508384039,0.1181651723056488
0.09276446026281644,-0.1691712489211882
-0.09172467504572501,-0.04916306805254613
0.014834904379490962,-0.1323607215507113
-0.2178245229679708,-0.01481937178096293
-0.14422558812583297,-0.23924044037105036
-0.053443097495583125,0.05442732554179318
0.1622698424911965,0.13413508662842083
0.1722762107035256,-0.03224501836724973
0.07936731345085034,0.06687866399296431
0.004569358247809144,0.0666073370015237
-0.08261095243671106,-0.05017690344339276
-0.08051246767531857,-0.09823340071227335
-0.2072234360982673,-0.1531138781530486
-0.004033868473817634,0.09554073667857409
0.07884131870736237,0.03953502519135877
0.09599421865607896,-0.12678982908098443
-0.10035587298997849,0.02111592022146134
0.10058436696678724,-0.0307806412072681
-0.0618840672213046,-0.07720445796309458
-0.20578605865444588,0.09306740059539058
0.2780152161738974,-0.05048330500106969
-0.012485501388801928,-0.04800670354837504
-0.11385889448851341,0.09477611985805089
0.18496428038881962,0.08200126139512709
-0.10675735725259328,-0.07060343178953546
-0.019104870285818046,-0.060460860904444864
0.04647537610274035,0.11972237967392588
0.13907537359452057,-0.14225712344315938
0.045427176256224555,0.060358559313092
0.0005711912398868174,-0.1565767123223578
-0.023544058391400585,-0.07945198805046039
-0.0887404831254393,0.06017119097301279
-0.1201605314876383,-0.020219582907549175
-0.08969268805296311,-0.01742126264571838
-0.05372478197738738,-0.015259901873669525
-0.14154551978968094,0.01073468919903102
0.09664383942101046,-0.04448683322970044
-0.06748840343288669,-0.06880570294789227
-0.11569245605616207,-0.11064121146867255
0.03628414443747681,-0.04149025878719904
-0.10907271836251378,0.04276162981532459
-0.0549931809827009,0.037426360247393695
0.18537486523896896,0.029924196621043182
0.07898907009304093,-0.10193525123258407
-0.19923648281086814,-0.12161703042652544
-0.05345611588876106,0.041418806001736634
0.19313290322289,-0.01965555973102935
0.131689879141064,0.04951417645036506
-0.021613796045618888,0.2219233546129781
0.2111552327899178,0.12931663815748737
0.11067701239263354,0.050091651064082296
0.012757740239823217,0.02255954042603466
0.06317102749913306,-0.16085597260351575
-0.04444158514904234,0.060997790393932536
0.13492996363672782,0.11573902437188144
-0.01260466743846389,0.0712410221505959
0.03986070552806606,0.039144718731994085
0.08064889039218212,-0.074584184629011
-0.016842737642701743,0.08493384647709377
-0.09184144779281846,-0.0764004462239253
0.05233901345223602,-0.009039044259456595
-0.11472919804751759,-0.13519178511667843
-0.046506845308129596,-0.034239022307824635
-0.011488498071321535,-0.08400573598976586
-0.031075125508851185,0.08799534158233419
-0.01626426092887899,0.004559523438022722
0.25340772246773086,0.09525465954370571
0.05311150635919802,-0.045879419609985386
0.029188143639227067,-0.1001260397066893
0.06034612794276935,0.1687699542385207
0.07102038227587994,-0.15198207585580054
-0.17769020758827184,-0.02663795609497016
-0.06141342903602862,0.14713224645380724
0.1520319012618784,0.04815342489435606
0.23541654938842801,-0.15310689099832717
-0.23895140276207938,0.017962400402801053
0.022746648370386945,-0.14468549506060402
-0.1498331340649628,0.027406585902731442
0.21178190846014078,0.09732222372256785
0.09714213785696242,-0.013986168099243149
0.08336336274691518,0.036320717551625886
0.05715665513300882,0.06538760890296852
-0.04918255938263006,0.0003240979275910341
0.09783711781763894,-0.09282806461524314
-0.15833015203573264,0.10201983491782776
-0.14781344107588246,-0.07548811993758701
-0.248187941027359,-0.1111076655556504
-0.18347517500748767,-0.04488999718167844
-0.09843273041933509,-0.07939210878388005
-0.12563640206503723,-0.027668067614695972
0.1523624104513563,0.1418979232736247
0.0035456998396723033,-0.1464286556917204
-0.04983630999654,0.021610800083870323
0.10226677898023198,-0.03376058765554095
-0.080322468425879,-0.042266754199898324
-0.012704120808915607,0.16806416545577657
0.23837308837677942,-0.13530184445073093
-0.08053301718630096,-0.06698826664832268
0.022814715344811325,0.12936447166735993
0.21971472312170534,0.1384237925206277
0.16943139925201106,0.0862525043865759
0.012421924211455201,-0.03620037742652916
-0.13230264588552137,-0.04807267402632638
-0.09121417635262911,-0.11102787292794239
-0.06201192339886542,0.09952670495108534
0.15992356653795292,0.08262069865835138
-0.014072456282990808,0.04285550388620544
-0.022713259045269586,-0.01894369493595482
-0.09670557881001995,0.043517824611125654
-0.08055633884519123,0.0051647653243411945
-0.05996021715322154,-0.15664895591559388
-0.18504132041267216,0.020164749392115676
0.019923749675303838,-0.06481364066494294
0.0943396042654915,-0.03136148703585509
0.06483497224112314,0.0645010890696692
0.10530549559231998,0.04216237005600441
0.17151454960544768,0.0981347000385243
0.058235430264451354,0.06767172413378025
0.07269373729228978,-0.00016701625404575045
-0.019544111993630316,0.1132870496789713
0.04623593413642991,0.01732522267342845
0.05305461535813163,-0.07305123627314815
0.05392127686036027,-0.1969557753870043
-0.21355872309207447,-0.03669901868606128
-0.11043557174640949,0.245028844062732
0.04879466766322221,0.08716494807070191
0.14890449626515306,0.005947230913054071
0.1750970429017437,0.01783129370180129
0.0920061184074867,0.10039019497274396
0.25113345958995237,0.15153869871382292
0.10488184126233145,0.030758302692953984
-0.006261969329284842,0.028804555140655472
-0.049114646224768854,0.022080991448293383
0.04723251969107492,0.026480105645355884
0.15695108217713227,0.19653541588649015
0.060834150615007965,0.22471881691088139
0.13709844520110553,-0.11476623933438325
-0.1192903221108446,0.004258300810437115
-0.02732729229254976,0.007102749494215729
-0.014547894506132569,0.012905492068485482
0.17489661835701212,0.011422515737351752
-0.08081633299198498,0.06069204906802244
0.10482532791810058,-0.03350774195679219
0.09015414539194506,-0.02028066891652485
-0.012748804039196104,0.042036816428925004
0.0342837301316629,-0.1621944618210076
-0.10889652949465406,-0.10144726523103237
-0.09434423527565658,-0.019800891571888045
0.16829769300310204,0.06278686756916539
-0.17741963389965584,0.03508512283380191
0.04655460373484186,-0.05441280040011279
-0.09581027431381897,-0.08064096691999528
-0.17146748462810027,0.07720298796733752
0.0627993965562163,-0.017509674749976025
0.0998601308972088,0.048525322412626685
-0.13737069027112905,0.0753491576400951
-0.015751932600879877,-0.0054994379049156435
-0.10655732373975813,0.08140173073408818
0.0009738705229180855,-0.12541094492147015
-0.21895817491475827,-0.08910915325865161
-0.21736030790736216,-0.1556259933174831
-0.30873773294147006,-0.18429592845739137
-0.2550892389188575,0.08915923380428976
-0.0617722523240271,0.0018888625903205475
0.1889515335391899,0.21211006576449987
0.03895544459041514,-0.020606400511078073
-0.0017488987191971745,-0.005646213114836613
-0.19049281907453341,0.06654671426469237
0.09964266319377557,0.04783974350443055
0.08655348552310352,0.10038300894733482
0.1740099948615792,-0.05610337641376079
-0.10351799391171253,-0.010317104897841364
0.06559954977611812,-0.043755856560413614
-0.13779725143234994,-0.04380998348021091
-0.0999362964044489,0.03725458226640991
-0.0950648685365666,0.042121874391347285
0.015544526129318063,-0.04427833970062084
-0.007383424610695601,-0.03447670949248889
-0.06544373320563032,-0.15517623330519462
-0.3134227912673289,-0.04262037545549673
-0.14875469026479343,0.06955548414299786
-0.010395820327228182,-0.17962907411183549
-0.11315574244598346,0.07331481964071868
0.2464001706080322,-0.03216471591336042
0.001485513253303223,-0.051014797215726826
-0.09399662945606152,-0.04142834117405273
0.07180349521694565,0.20218542349997037
0.05581674390811528,-0.05600434816279996
-0.07240608271487986,0.1464008730464922
-0.03617226618374361,-0.02826489011090113
0.029497734386325955,-0.09971777325503038
-0.11583428579692151,0.0198516721035938
0.1198522621671837,0.10724404815674522
0.17703640183138394,0.07861548256133201
0.05955836914230412,0.001309029632760278
0.10348428944452197,0.12743510263094182
0.1435678757511366,-0.02030696216840612
-0.002678529123021748,-0.03385033070471578
0.15944781672564062,-0.0367595874153765
0.10503451306807224,0.030595631745835034
0.16546431728060534,-0.035986539662486196
-0.02110658737919121,0.10686377702304733
0.060996165789676676,0.0411409602077488
0.022206776544405095,-0.1129320075279296
0.09862830260502868,-0.0906589311481677
-0.03864389188362307,0.09399964556975149
0.2697106530331629,0.07829719663553643
-0.19602727405262194,0.16827647000949136
0.09768307775479124,-0.02136658754875605
-0.008468399340019665,0.053800564978174995
-0.010429354040551259,-0.10833249400189215
-0.025818756915824345,-0.13318057257976992
-0.13865401613612982,-0.08982293459630328
-0.03541542188958012,0.06634713024574361
0.01081795513159587,-0.032139211589501594
0.06561171254285936,0.15345772493709853
0.13370437845564453,-0.07390377293963415
-0.0435838080796101,0.05573858593822885
-0.025961459509992686,-0.12943382093565392
-0.27385324751804385,0.11544080060529727
0.115761111270531,-0.027966944046707885
0.002822402441292088,0.07171443850190548
-0.08253023952646116,0.13621743083930477
0.08632364641861572,-0.00867811521794905
-0.146585967579183,-0.18219992207646435
-0.27587120234211665,-0.05355194696212585
-0.006975402598218244,0.015285747645452322
-0.042412777682178826,0.17847388315661378
0.03052505757431924,-0.05299506846309711
0.03132723176298919,0.058563722755838675
0.11320500463239452,-0.08625520071410003
-0.15770803591116384,-0.06008811437705255
0.19071778209710893,0.024895243307953167
-0.12577681768858898,0.045760698406919646
-0.07133293209010269,0.008629214118680015
0.02576568921434174,0.06274920213100074
-0.03943967799001893,-0.053954369216917104
0.13943241572246945,-0.08246620545089639
-0.12041932411516848,0.015107721496401934
-0.2214706516551526,0.12528575837365263
0.20636570215817948,-0.096203881390343
-0.07108966231466712,-0.06894490188619816
0.04064674341678202,0.08424253627782431
0.07722949480063418,0.08136949971949119
0.2943641988793072,0.1802692893244171
0.05415146279678322,0.008632189861626591
-0.08920598675828371,-0.1486684277298995
-0.22738667327828427,0.12573694388221457
-0.0014935146848400194,-0.03233700284761269
0.08595394644629965,0.02126671490844764
-0.07668779394943394,-0.08214575302128153
-0.21443411418515992,0.0678565705034201
0.060882141379417214,0.01005310644938006
-0.12909283948358236,0.07705899807088164
0.08002768679157635,0.04916918438687212
0.0764792944793809,-0.06743981441991045
-0.12158358127850695,0.05852158262842612
-0.0196962443404059,0.0883564414124713
0.0641414283426876,-0.08882076379832564
-0.046841847933567556,-0.030055713996297296
-0.032572355812872635,-0.03186440891713722
-0.06484071259435299,-0.10942069214546402
-0.13936115703182167,-0.011864490162079919
0.06972524429410316,-0.06105356347079939
0.02096358614569186,0.17412590779135123
0.04456623441136403,0.006481756453664837
0.10891595746540728,-0.03261048523184425
-0.08940810666906081,0.13794941540666789
0.09899779091342387,-0.0561707062150953
-0.000992153524411784,-0.0646788615996456
-0.06528923811944712,0.019971856214508713
-0.09046263754620769,-0.15510102161991723
-0.0030907127532999387,-0.17598834176927025
-0.055448816345218095,-0.03950768365860978
-0.18165043528845748,-0.04019049323528004
0.056568330095339396,-0.2513226786917612
-0.15857370621419165,-0.09866831307644018
0.12770626892079315,-0.13277293621904795
-0.16226573620689566,0.08603068440310317
0.0895443217277691,-0.09837941343437451
-0.021819236069242014,-0.031257652264425964
0.1355998254680127,-0.04066175233473267
-0.00882119523319814,-0.02274927865961994
0.009839418319534003,0.013170269608875131
0.04946800506540551,-0.03744173620674843
-0.08319866167448078,0.0036632804074346118
-0.08200160023663622,0.057757575967076945
0.1587885873757616,-0.12760950797014328
-0.013937435110227492,0.24975801994772073
0.1748181969296316,-0.07361321133264283
-0.005048272162660789,-0.036584736426461276
0.01714043798986156,-0.03902888231984841
0.0817652301774913,0.006521405710017801
-0.009755466926543735,0.02806456208905511
0.002302272382167643,0.20352974471277063
-0.011204464627790886,0.028498567764593773
-0.1006975748587765,0.1584302739975352
0.17552773359518387,-0.018835740404051032
-0.18692326086168487,-0.010429426580266687
-0.0713289116626318,-0.16158582984621445
0.0038959395014994333,-0.1612710573207538
-0.08415954504295027,0.005455979818287623
0.06828419610389266,-0.09576062046880776
-0.0263021215714293,0.24075647566832994
0.07737725744662934,0.14282498640486238
-0.18587577525842008,0.10404029312144537
-0.01437955111615552,-0.24865895434841376
-0.16910652786241845,0.05671117226193794
-0.12640147071198995,0.007410542670142378
-0.03509126091614332,-0.09121331457881425
0.0564994364887499,-0.05071505376194945
0.033920603622123596,0.049417023375946806
0.1361373200121918,-0.10775224104588212
-0.04989987397416768,0.29823243454961956
0.08984804201988957,0.17615330924007036
0.18389888609126828,0.09927452712394466
0.057973614972622566,0.08853267032276955
0.0336160565899769,-0.013898162042497143
0.023295791289842136,0.0177012203959434
-0.062321552455942744,-0.032341295996957946
-0.01344745603676473,-0.01607171221571657
-0.03388152551071185,-0.19132342997571408
-0.035798132596365315,0.045473074407098885
0.04166600391148266,-0.12896330585638516
-0.1391602453707543,0.04808323310087456
0.0904237357606281,-0.08486649295459431
0.11674189427097281,0.03081903672712822
-0.0649490262160055,0.13429179474030128
0.15733669354902183,-0.2168718139256183
-0.16793359197506325,0.22111466523132123
-0.011517809280804328,0.015709455275386988
0.0701059808006597,0.11851020438923937
0.08229918540377688,0.08201943380981618
0.001113977789077682,-0.05565533795616873
0.08846926667566432,-0.008789283859710676
-0.11033508301152085,0.05725884376773095
-0.013533853420996673,0.043893771474168536
-0.05407167691213325,0.04108831628878515
-0.016540644269270453,-0.07234109829967186
-0.17412614933279788,0.11561799506540722
-0.03943561367929431,-0.038662352306783415
0.189690016779436,-0.08919959181243499
-0.12488217764250582,0.059560351541506615
-0.049771340661401944,-0.11756769423778154
-0.021112438279153652,-0.23823263222475205
-0.2226479137265437,5.123285013257546e-05
-0.009262309327673478,-0.18897122114859094
-0.1344261703385449,0.021744363046975447
0.19862851955375582,-0.20987230648843094
0.0032259715621834953,0.034508123849864916
-0.07979091590948904,-0.09610752082725091
0.007700876081114569,-0.04267676404387838
0.09786001514481958,-0.004859572388028901
-0.08386857980689048,0.16294695022435382
0.1336012192704773,-0.10555676222016239
-0.11868688123485656,0.048374046316734524
-0.1212171779812572,-0.11858012541753406
0.009844449950909155,-0.004471596922167226
0.024266669420724404,-0.08488709465129551
-0.06354838700359589,-0.14949085287804412
-0.08748031286968568,-0.009816979104548623
0.05543045912411103,-0.14643515222932274
-0.042733167257156465,0.12355413916641403
0.028116892042950762,-0.1554271534568813
-0.17096608982136158,-0.15379048149488617
-0.06820492660910399,-0.15505048002476388
0.12943717195032006,0.1591236688530308
-0.052214938696536296,0.07986097033115382
0.15140998649912918,0.09797304509072166
0.04940874343434146,0.08985284070904985
-0.11778152782438309,-0.0007466144802337968
0.03380128390652013,-0.011484100835701783
-0.006521851679975158,0.09769732603887991
0.04273319385524425,0.018633735171402016
-0.1341817242286259,-0.08377360758373169
-0.11457806877811277,-0.12349363291558638
-0.21641513083742572,-0.21674057538712904
0.0034209604428473636,-0.08345327959635258
0.08413677834468164,-0.04549671768808831
-0.07969804727250934,0.23595349226095558
0.1022299954172408,-0.08364765717846469
0.057667248560471056,0.12647893622379094
-0.07446686988152927,-0.02450800749326698
-0.1534499724341651,-0.0879069689877135
0.024951002325125357,0.010905486527368058
-0.08104411086476038,-0.022564851795222652
0.16096447291296062,-0.047834582473051626
-0.16233390469102774,0.22290604157155258
0.036961557405228135,-0.3668199135267604
-0.1026804919657297,0.04272252351515261
0.029062745153216475,-0.06864632633947561
-0.17013540634218338,0.021754358803778955
0.13879524555507206,-0.16635691437336997
0.17277218068127692,0.12704171520044727
0.13404814116231428,0.20934706226563413
-0.039773205825174636,-0.05902874490742446
-0.14909781734756483,-0.0009032104036086341
0.03509965608406444,-0.2081787070956812
-0.05676858518840025,0.06244554242784002
-0.10387412377771041,-0.017617688506830518
-0.12869295481335566,-0.17803577393523412
-0.2299839099379958,-0.23029657642056955
-0.13152428376918807,-0.08937373659734392
-0.10163008298515772,-0.09242968022074399
0.09439311878846854,-0.07895898306143691
0.07264802719311367,-0.09137846280662208
-0.021748998330333648,-0.007462572455923418
0.12293267623162399,0.07472802043682181
-0.02411946156798412,-0.03541730978423653
-0.13157502243075672,-0.051034758529394715
-0.017348609426653713,-0.09639956047436062
0.03470882993256347,0.004365842282769743
0.06973743422388404,-0.0519235747248713
0.032976701107316604,-0.051269018559958406
0.1889743930075197,0.05851920043278695
-0.061246315771494295,0.1847497403775505
0.16059201603397438,-0.2754062164948257
-0.07815491835956798,0.034614941131493826
-0.12900962527289425,-0.014451566921197513
-0.11079847572353392,-0.059233034228003884
-0.09719815091808934,-0.0562071116616836
-0.06473676633412656,-0.05943414991614643
0.10430110523695334,0.10345005510066352
-0.024749183043185626,0.2591703219660164
0.05072292545673838,-0.04005372029170057
-0.047008742775263054,-0.02868519775483927
-0.19523962373912676,-0.1285880163839831
0.02653597979983552,0.009065783592694082
0.03327967594746561,0.11678436416820626
-0.16627977620835682,0.166829776805588
-0.0343860267226779,-0.07657775139509887
0.006124571896149305,0.03265152845378702
0.11453379262349445,-0.020230350481040348
-0.14409585893952986,-0.007644560296518832
0.0495114132626068,-0.09278212327397567
0.16525231817600375,-0.18768134876210957
-0.04687267862803913,0.21118206499650277
-0.002746553574764561,0.12263366833983984
-0.0077609033385700535,-0.009930190435680768
-0.058329932234517136,0.062348193611987866
-0.033830291262123266,-0.11994208892696934
-0.06881883049911663,-0.07604983213131358
-0.020281035662637555,-0.021463214609507963
-0.0035896456740552186,-0.05886320071482376
-0.191979407404248,-0.18006238684696313
0.020531066379959773,-0.27131380928857807
-0.2800410839507872,0.1363825785676077
-0.028591934086910503,-0.22060642356603122
-0.04618025621476794,0.0974169409440997
0.16873419511527213,0.04199736087794931
-0.06538591470341991,0.08679429386892692
0.09430650033777148,-0.0887140125353727
0.0329823952167541,0.07999620356836368
0.08826086835353411,0.08587665003218513
0.060023213860390834,-0.06331711716853948
-0.12890724885852228,0.018886305401658348
0.11977139007058597,0.004183641857052028
-0.008308540490866002,0.07717761973485666
0.06086874645944149,0.029145061983224498
-0.02991667605044862,0.11613386498962501
-0.034985395314819534,-0.032504653679109506
0.039114111581777744,-0.17037546184324934
-0.13998680221328616,-0.011146817670953699
-0.047262219261303,-0.1387723347755177
0.039282420307871005,0.0065245155571678
-0.028697350040780483,-0.05220710544929506
-0.2024314698849936,0.17249951337196373
-0.0686022148083679,0.0509180548727268
0.06494228277230361,-0.017187379942288618
-0.0738997713877282,-0.13050292167832644
-0.03179961876442954,-0.02407057504463152
-0.19375908991890278,-0.12422481456525783
-0.09905039793483969,-0.16713861058923093
0.14538933611739083,0.018380876926018724
0.1133689146386282,0.3468141118467209
0.14152837804865687,0.09066937183159934
-0.0691844090466939,0.16887777249354624
0.01743505185280919,-0.1711171902065225
-0.1450315133418588,-0.02055685133674625
0.07239698346678652,-0.20674455286320625
0.024139017028211238,0.1374385910435814
-0.03720372481993173,0.009541066989331236
-0.04491085951596403,-0.08516292205226932
0.08944822889697172,0.025903963763701666
-0.06410639389172759,0.1855938521201576
-0.10321981860375984,-0.11303616413731511
-0.051175513262169944,-0.06980360452816746
-0.03925422481818892,0.15760225015864537
-0.006183282847522613,-0.09249917939356692
0.11050607756787185,0.02763128999299794
-0.21057156833563814,0.18510986427075515
0.1367625396953414,-0.0166415159528725
-0.17410614581985315,0.15300869776741266
0.054108647103115186,-0.05029357350339449
0.003918853535775648,0.06453178713195858
-0.08257863233714312,-0.0008614138498984603
-0.005637314091851593,-0.1938018000957773
-0.12646564751214914,-0.16127835969948298
-0.1483312586309486,-0.2740472470905011
0.016209586507063063,-0.07873236123745686
-0.01487018128500162,-0.06337563101286317
-0.046991925747936376,0.13264523550831256
0.1579298810704467,-0.1240675448852489
-0.16943802658840645,0.14334661358946457
0.11541959543482949,-0.07090416375434447
-0.029405447711813262,0.017011395157611256
-0.13408499512898464,-0.005279461481632445
0.133269202504687,-0.17665999676582833
0.035321146722551836,0.18308632080949924
0.07658829002191803,-0.0764468100753936
0.14403478351696639,0.11615030149664178
0.03538415501274934,-0.069476464650857
0.125437466462198,0.015635119319804873
0.04844801361982475,0.0771729277094226
-0.019807517193412796,-0.010460739330444571
-0.01899947907362869,0.13213425288540562
-0.002714083756382008,-0.006589687890399522
0.07051374502592593,-0.05531832302969653
-0.02383956791683011,0.11093788903277338
0.10237273086312046,-0.01791126857207653
0.0008255066387186363,0.007255635379665226
0.08607052019935556,-0.06812130196417607
0.18927959673596062,0.0870145881483159
-0.08887882067286469,0.3239603039297734
0.16902552947711014,0.10839607483891131
-0.05409200943570698,0.21312564380116117
-0.13534979506104922,0.04096185231829306
0.03552880191401027,0.013438774255026154
-0.3395435311497032,-0.0308542774125378
-0.02957855891922382,-0.09791790248061552
-0.0558695449808282,-0.049248401206351315
0.03365969471432809,-0.034629462663200716
-0.03175203804576059,0.037928028877087544
-0.01353287486967402,0.023363443266584495
-0.0004896424880238429,-0.13901323778860614
0.10121748193427592,-0.09612208703641482
0.0457338272436882,-0.057634550631170026
0.07938967497565176,0.0035606576249145004
-0.046313646469016964,0.11503079802465252
-0.09253852874505321,0.09339939683438801
-0.09731667017336712,-0.12265286793558292
-0.09442316275904894,-0.09214930733610088
-0.10230912937000944,0.011485501333906745
0.15814118842264904,-0.05342407431608278
-0.12736938432875436,-0.09071152913871251
-0.09877001900749868,-0.03845186560802928
0.1317474240258336,-0.06920977614628443
0.12472987166677266,0.11841686918521577
0.14939833708042996,0.20035695618048308
-0.10788078123992301,0.05742327976112897
0.13957400555939764,-0.15286270797248758
0.04335817550067306,0.118056865754538
0.07332892193599458,-0.024228218591853878
-0.30181451057111097,0.004242707048512713
-0.042522128789528456,-0.35481643925452644
-0.09528741713685325,0.12501938087417305
-0.14968547584673841,-0.16626826084138596
-0.12691476612578803,0.08421354907843992
0.03208710143296852,-0.0022293320487625223
0.11095940894156589,-0.06898192212803447
-0.12571395351847445,-0.08978263775160894
-0.07913671443242867,-0.0995145926629463
-0.10645252259316909,0.03618753836102357
-0.004780629896881095,-0.21474707975446866
-0.07352372476011718,0.009451614821610055
0.07889405505689434,-0.029303331348860543
0.05912089747735853,0.01344257713368454
0.1606672948052711,0.1490836411074025
0.10921954811726571,0.053618827715604
-0.14517042806121502,0.2691070447417273
0.09486673763824191,-0.2572707699902405
-0.08446189464809617,0.23152951054077237
0.019467455239341003,0.003355062192514101
0.07466702309108739,0.08127367650931416
-0.01126391697075442,-0.0013888137059426056
0.13724972396749693,0.19564923068369158
-0.005058360238086888,0.2557070784203693
0.008612546645121386,0.006076538893784846
0.0826648696328898,-0.035876922820733424
-0.19402768953544836,-0.08412768006348137
-0.04820208119056443,-0.23886522654548442
0.04761582702978383,-0.18121748957627842
-0.02684148623304611,0.11621268484633172
0.21368808354582042,-0.007783367686657806
0.08405986487011506,0.20445176618775157
0.07081037490231312,0.010286360840739944
0.019826982990304737,0.03485409305298584
-0.07970501552160329,0.09227066960866655
0.06116429668349416,-0.06053897370632695
0.12366731346032081,0.05763823783739833
0.03743435955131491,0.02706215536608647
-0.17403514058687292,-0.008009695998617353
-0.0391108589982468,-0.074788501295218
-0.08470304964999123,-0.10863511688292915
0.010468759986020412,-0.050949096373110445
-0.09020625124782619,0.10281668231268912
0.010257185594237021,0.04011780115380301
0.07055474826482053,0.2048513199536718
0.004830744626633375,-0.008382409119175184
-0.0857161694280861,0.048970736684961
-0.0677979002907387,-0.12613165107780103
0.028263887769328394,0.08582391716249577
0.08067921495110716,-0.10550710722767233
-0.023991754383102012,-0.026842093829814007
-0.030075529266644703,0.07614976652934144
0.0054891939338685605,-0.1158530230770045
0.23637752831119,0.04321084582018552
0.011756401606275538,0.20857760781807483
0.09011907881572837,0.05476574152832861
0.09542061142521757,-0.032532908598423546
-0.1405514552624313,-0.023004857535688913
0.11762126441671675,0.023601457034198636
0.04104536495370402,0.31964966988029464
0.16606266007957154,0.10933222016786809
0.08445482816778026,0.15016315896044463
0.041279564124391675,0.056716313785219886
0.016144600648098334,0.16217762975935607
-0.0783224207017027,0.0361656956836165
0.039464130447727695,-0.021783379810629146
0.04959412051308005,-0.11963305672597203
-0.08345170299945608,-0.018047347036976517
0.029392776029783983,-0.20610306615583646
0.05821618275203663,-0.10978775156713118
-0.06677730342457966,0.1599326932081547
0.044260127052227205,-0.06920961849762053
-0.0547015953915754,-0.15272357359810393
0.01608908558255622,0.01612456004276562
0.09921597361126146,-0.0017302512946094258
-0.1426537224342426,-0.05990917176180305
0.038898791863946514,-0.12146202133640137
0.011420008615234085,0.09023983416969089
0.2061763583813208,-0.10890497254835324
-0.0757413564080223,0.038750727106270186
-0.03528301421510924,-0.16040606219017878
-0.030585918504206697,-0.08574045431301068
-0.06126435419202207,-0.03273065117230147
-0.16190708977435564,-0.07398865865558196
-0.005924664009909979,-0.18909535335967098
0.08775639023585015,-0.04247448555930428
0.04937964104058006,0.1331631850656456
0.006362512545378604,0.18999781910627048
-0.17148920807350987,-0.14611538857787068
0.047344195326790725,0.024854350683895146
0.023504168026631814,0.041464328897295226
0.03527488046216013,0.30002007080204024
0.10834920755688623,-0.03576212167722925
0.05320797441967232,0.0817855733888569
0.1521789065081794,-0.07790970904153402
-0.03864464883699866,-0.08163672476444583
0.08564770074508046,0.16919300611596813
0.23958637695010424,-0.010624381186599918
-0.12397022513147503,0.1628790108154892
-0.1074886748664141,-0.19554074190703777
-0.019619920537547283,-0.20655438450700114
-0.09002952211476044,-0.004329330853404324
-0.08431036641772509,-0.022182764688502943
-0.19687592883084334,0.06885987718982217
-0.09221988662900704,-0.11502430222855764
0.025610790009711972,-0.23532557864253084
-0.23693666717983833,0.012534747179046232
0.10136079659323924,-0.1194938872255155
-0.09470662349209545,0.017896686222987165
-0.0577896981675933,-0.20033115218474834
-0.1693030085872959,-0.14198590651057275
0.1555318721098179,-0.11062362551466826
-0.3378470009066603,0.00018008703898576318
0.14351211298791827,-0.06792046378069577
0.07030526813047061,-0.08611000553725796
0.02384939961444202,-0.10597324337462155
-0.21149285775512822,-0.023132755261391958
-0.19814273728972467,-0.0711428055536559
-0.012032973331996384,-0.08921262153161505
0.0734712875488918,-0.10191632217212383
-0.08491109275676995,-0.1446779329765462
-0.10081135308820957,0.08870571559092776
-0.0920288911540342,0.26365483177839333
0.30620655801285623,0.021889376395380425
0.11876691020322595,-0.030623304640540062
0.05942569333480296,-0.07824223664102278
-0.09583270840946545,0.11410148923148351
0.13771129298441312,-0.034679289702606114
-0.05169355872668659,-0.047436120434741366
-0.04520034584771439,0.011910144388229838
0.16912424495754663,0.11572232033717722
0.11921280745237645,-0.03425877758311663
0.06635383930674604,-0.07821121009981964
-0.029674964710455706,0.07318238937815713
-0.016092355304789557,0.09250557950403393
0.22458572119689602,-0.05840864419716994
-0.17474367827724954,0.08576850849484867
-0.08756218196765851,-0.06439678541571166
-0.08482970962731794,-0.09750175753703133
0.05539493457745831,0.06424383127352377
0.08608665568555013,-0.103656079364803
-0.08252654173670194,0.08663177632124047
0.042203038704038444,-0.051826646719877606
-0.127877558577488,-0.02026404229932767
-0.0409327240902966,-0.15504340410119205
-0.19645343380505148,-0.01945480979620764
0.10546391675977358,-0.0626874954412314
-0.09532957502348902,0.058512502168532626
0.030164789613481863,-0.13698287286180275
-0.06614935512808832,0.058266252668567914
-0.04491883210592287,0.06878132766634781
0.010552450649409018,0.04805652202830368
0.014551678450151186,0.14155753959960762
0.02942362059208692,-0.1643691276412647
-0.3343768219197499,-0.07087637137644974
0.047898637844195874,-0.08898472860700676
-0.16550723820820992,0.027822816058029786
0.10903974641179671,-0.24629778801832908
-0.2700464944877937,-0.21820655033952405
-0.0961234131663284,0.026467134372127367
0.08087112085476743,0.009008858547652803
-0.0178883320822287,-0.09972881538868467
-0.09857142855770483,-0.09524750038938201
-0.023901313374902637,0.06853619161431183
0.10876383930561384,0.05737622708746361
-0.07073681245459634,-0.06386467526548392
-0.1490114272782925,0.015662514566969692
0.1665435351813419,-0.12730882461692275
-0.11940696759906923,0.09624101554761941
0.12852592529641804,0.07026568351460247
0.147515773470131,-0.022335003444445473
-0.0889397863816221,-0.021013594509731393
-0.026374678130556373,-0.023994525711397062
-0.017683393398649487,-0.0655226614347229
-0.03334686579014126,-0.11787446964727089
-0.2254243214894993,-0.051980492726909334
-0.08728013153149372,-0.17788099498409002
-0.2609824629419196,0.08849614311090202
0.06812080149715681,-0.07146003843314513
-0.038027613863180376,-0.04049933591470438
0.015449653669667184,0.09381682119879031
0.2656522698824595,-0.07684378285034085
-0.2093027379176549,0.007994573351168037
-0.02159008630131963,0.048301785060812265
0.0016460008921523467,-0.008053199689618797
0.031075637852564324,0.047387752708739406
0.09078636608685456,-0.00427538052388721
-0.011433298318533751,0.1612730164391633
0.15062592835511696,0.10621465653949
-0.016941392710806857,0.1877651073917804
0.20850708786614827,-0.04842316755675128
-0.019290110829217035,0.12722548452944238
0.21856936470401434,0.09575761904295398
0.14037334955096897,0.06730748512283402
-0.030384714289991795,0.02396274110334022
0.08275235370713224,0.03123336694236389
0.051355757947341596,-0.020074714778600324
0.022863093452786174,-0.01959049087836314
0.11553032622540342,0.07764732876194953
0.08140018179026867,-0.22062472677622993
-0.039693036650910285,0.003179328822325608
0.0679862364554709,-0.006622954124966619
-0.024764917856537276,0.09511611011812822
0.07621064418349463,-0.06636116949219269
-0.1288585569563952,-0.009850889962415989
-0.11271315332654419,-0.1999248117138285
-0.17993732571265503,0.07385574214252905
-0.056264105481372444,-0.1029408584764604
-0.09578499207059962,-0.0843588886135593
-0.1628871144513173,0.04736895529161607
0.04369051890227084,-0.17126503544564467
-0.07902175562458852,0.0699571508871906
-0.09619125298313533,-0.038671736194794915
-0.015670846907961222,0.18478859074207105
0.15686331785520696,0.04888262820694153
0.011202020353461812,0.04605202302182952
0.027403805721737763,0.011388020433943321
0.009224621604778962,0.051475486716126
0.07532447954881001,0.07763775287931438
-0.058022683723163646,0.005837204142557489
0.11432797594369691,0.025684944454380382
0.06535175334932408,-0.02192906911463005
-0.12289274026712318,-0.06280945636772511
0.002369157042466742,0.15354497093709107
0.09015872039749655,0.09661659850937798
0.0940751235612962,0.073060959814861
0.14329109805023305,-0.2624883297902592
-0.16916314911068783,0.07286012154285029
0.09677292848758856,-0.07100313467519606
0.022053806054998543,0.036390224219197895
0.1495605114690028,0.062434036020663
-0.12333365936391427,-0.09793498628269666
-0.19970067959272964,0.06436798847243372
-0.044229255654712425,-0.27887586321989544
-0.10984188205560336,0.08445961565329625
0.0426551474896007,0.2729606624474786
0.16568106601575078,-0.013940629399678689
-0.06994598558859658,0.01769043883521312
0.08849491735700774,0.114260594041514
-0.12246175861884116,0.03830159267310778
0.08236384371638242,0.01923182525889395
0.11171836101420998,-0.03778965275787733
0.1645148110744355,0.18090925640480704
0.17516069523678476,-0.03755724075476379
0.1483374970103263,-0.08131081762383457
0.1749702130950178,0.07389419302852965
0.028382339729194687,0.028179924489451516
-0.15879046921152684,0.002375926938085485
0.12251237233248215,-0.013874159683392166
-0.1091328156769301,-0.010400022691638174
-0.06943646679165603,0.048017983493931105
-0.05638101914410146,-0.032067785023911215
0.08364309481639726,-0.1972392729385065
-0.17289122414651217,0.04286513316345818
-0.0082744491876739,0.14655202725700384
-0.01488921913880123,0.11003901121510284
0.1728359338027496,0.00021006645314210095
0.011689850906049569,-0.11222227317406272
-0.21628354884191603,-0.02002956144073272
-0.08693541493052837,0.03043553964406759
0.06642050535425695,-0.12628601910145265
-0.168403388886503,-0.0526770223302054
-0.15761584387752123,-0.22750866519204999
-0.16274258096389532,-0.10931555415298722
-0.05828832491509449,0.07374643874145823
-0.045021843914200076,0.04146497262564916
0.017869215601721937,0.02733070511881904
-0.04696057775243448,-0.0940875484572812
-0.04364836344959245,0.10363061173785676
0.057824950668372774,-0.1437657147099765
-0.05843694008907413,0.019059662987051165
0.1030859841410943,-0.011585629606280587
-0.008108464184516512,-0.05588439673083215
-0.05116245794523552,-0.08036824036799596
0.08508288078242379,-0.09226293078298868
-0.15715719902580305,0.09839123621146816
0.17258166962355143,-0.10386560341522
-0.011694995515449572,0.03834980385657554
0.08875829445298726,0.12522488482629435
0.14494157299942154,0.11616268870677264
0.2741215896967182,0.13238735368327262
0.001976260239681754,-0.13928406620426176
-0.3223889973564578,0.12200056303238552
0.08335503822632914,0.17464521549152823
0.24461995450960483,0.00789114325578005
-0.24003857886751714,-0.024021965007438452
-0.13137432112533776,-0.0379852037885236
-0.03208678699152887,-0.006881907042065901
-0.04073514253207007,0.014959293453270576
-0.13148915223652255,0.1471628885335433
0.12585200979671451,0.03115064606013218
0.048510477144990044,0.08886281460190198
0.013079575692432018,-0.021568871936141067
-0.024089140457132185,0.11068345151062758
0.12143009588998677,0.02737882014129322
0.0864606669606312,0.10289846817444515
0.26218009929051195,0.1572791481778945
0.20042719335785486,0.004221333885127774
-0.08647167370928653,0.009455221404485096
0.0754453976409961,-0.028849940151178984
0.015615185616692923,0.04744606630563623
0.06218857594713928,-0.11478801585543053
-0.12857602947020938,0.021694492961598727
0.07694522925736129,-0.03742945301717488
-0.06971527232381122,-0.024112029276070285
0.22774082752577074,-0.045361434083401875
0.04974976346119288,-0.10024163289010968
0.038147159598920136,-0.015897665978097907
0.041292232576862826,0.04467842970431712
-0.1230064368999982,0.029512696563538384
-0.07684127083611586,0.06911788298476208
-0.11296576951148804,-0.05325081161188618
0.09072015894772194,-0.14677608237563236
-0.20871209234454163,-0.02181059880951792
0.048175837823196704,-0.018830569060901726
-0.1281213970089823,0.07606995367615514
0.20586675596921222,-0.24692612204888348
-0.25459100870895895,0.1387076355732131
0.11296918179007759,-0.024400705703241172
-0.07522187967889098,0.028301209808303557
-0.09145972767488228,-0.04501340081748542
-0.14943693975674963,-0.01032296073378578
0.090179195628931,-0.06244889310957115
-0.09001863631056611,-0.14960308100865785
-0.12231156092691291,-0.16140968448055795
-0.1414317458817915,0.11416805853069611
-0.06046665652324705,-0.04011008697513551
0.06497232046659185,0.01955024562328111
-0.09879532260632916,-0.01473016116922082
0.11977757381094349,0.04007002639488789
0.14989672601482795,-0.029299570983538775
0.2031759131804225,0.09114807007292683
0.07923264806333452,-0.029612377250889017
0.04877528929614179,-0.10939069752399817
-0.18592081740427752,0.06630630971363287
0.1629486120415343,0.03703132654892759
0.1489930799426796,-0.04406868482265595
0.023825866889557616,-0.05216082637080732
-0.1550411651929624,0.1764954079587292
0.11229553033789381,-0.009689162658932835
0.0746236569070444,-0.11227505045575242
-0.05441061643804923,-0.0773107045878775
0.08185700437015958,-0.029245275073128428
-0.09073562297470145,0.0888171807436808
0.11430885837434089,-0.07703947043575035
-0.11282861544982112,-0.0777397177371352
-0.1837279790248635,0.131788688686088
0.3137188973858886,-0.15339552316513605
-0.09825431015784201,0.007982421865885346
-0.11064178488630827,0.057336766896423724
0.080691648551866,-0.02607928891718779
-0.1664287814164257,0.16321835083951564
0.17435519793647875,-0.000762515406215681
-0.02292078489511116,-0.10101287897261235
0.03036085398201334,0.0040201809889975895
0.10467596922893894,0.08272042399957691
0.00563797902803171,0.2138955488558742
0.24091060540858472,0.1439367156384456
-0.006751443403708465,0.0069354271832919555
-0.017152926626813225,0.08584605638319807
0.03164784496605885,-0.14555589008663333
-0.21968811679390682,0.08418037681916647
0.10590372858842684,-0.10535856557395046
-0.00578747511207775,-0.16415721133746092
-0.12851443019457617,0.05618632922544586
0.02296668258344409,-0.10361205233471504
0.02062797204192049,0.2058456055902651
0.20520251540252124,0.16445632658148868
0.17476730678837868,0.05546285599521377
-0.145436706341018,-0.07408819306865924
-0.09953112251852117,0.2049093988574451
0.27177301415133526,-0.15682295374962532
-0.0743240928408675,-0.0857867731598325
0.24720056623374626,0.10891196509793381
0.2618507407970743,-0.08653888438590482
0.041798069292938306,0.12529553629703125
0.0866772070698692,-0.1254887048537925
-0.3496150353554099,-0.02901346089871761
0.0733300693770472,-0.1100809766724602
-0.16401678283682025,-0.01834115757561545
-0.2002955776190213,-0.14259087519815544
-0.24136595439896658,-0.0953890338296877
-0.008520436415693583,-0.07595874080706701
-0.17316433379787377,0.12901332503419177
0.04774216502586517,0.11105848508066897
0.1929432125958075,0.08246821937270098
-0.005524809843375375,0.03175262516137122
-0.1524263948593773,-0.11752843955927997
-0.20217181689672592,-0.08620096062568293
-0.01623569758764968,-0.013730891609284486
-0.07311173940768911,0.079782149991044
0.13140420663005178,-0.062001233743315544
0.053210873030114895,0.21460995163631852
0.14131003334847017,-0.08034609147498357
0.048927830446313506,-0.15332376875621
-0.13560507614386114,0.029892313347658257
-0.12304077657428995,0.18117798373040098
0.20363389112817107,0.10770108007761693
-0.07521428708532132,0.07805826132356178
-0.021286348313145617,-0.26052080101072767
0.007553567675120942,-0.23697379988143305
0.053543060579613055,0.09080284202389075
0.03892046337604574,-0.04455926435836145
-0.009937129179889148,0.020263617517268052
0.10014583215373979,-0.20745270739954308
-0.23557650836952204,0.13282102998584783
0.2054582348738873,-0.09384851249190804
-0.055555364934911276,0.31424134408968285
0.26774637154108577,-0.04749397136664998
0.09864790199890294,0.02893226151765394
-0.08641917202166541,-0.10736874311776165
-0.057698933508366565,0.0674644120098613
-0.04208851108004333,-0.21443792097284686
-0.1900937572238131,0.03407216013766332
0.24933403772955542,0.08997093620868035
-0.059503625378119124,0.10582955535775372
0.07983937906720404,0.02117649131317391
0.15465009321891077,0.10410290210365179
0.055672314032955195,-0.035393467611094145
-0.25104807136322044,0.11458700097458963
0.16695169082769476,0.09805204832455414
0.22833641244124975,-0.04629103326585768
-0.17145709160721576,0.0005048375685406635
0.0901387743336895,0.0171144320160884
0.149621506668089,0.1291813911892783
0.17580455981594306,0.10501882911680371
-0.1555976049645138,0.06451489499399127
-0.0567181893328573,-0.06349528253538265
0.07444444699580324,-0.04647309259954303
-0.10397720625807191,0.01609268156251038
-0.023427927685375854,-0.03720039398112129
0.024012939156035647,0.031535177241440046
-0.04271599700352133,0.008873011824920415
0.10006678740739358,-0.09415061605778109
-0.0708574681243333,0.14945286747630246
0.15711803457282297,0.1353110318584492
-0.05204819350521868,0.13195686174678176
0.16985480309097248,0.1004777905044276
-0.0017691853290209003,0.13095889320323623
0.25305197074973435,0.0312174655698515
0.03467661382273454,-0.03628724183986874
0.005471105387418039,-0.15949996894653215
-0.2938986195284462,-0.11384814540831162
-0.12268121797398872,0.015417822863861192
0.12363874006939994,0.08823136159911579
0.15633152051278537,-0.10914190778078081
-0.10005715543438674,-0.019160325032573398
0.12839147494802527,-0.18793916915848446
-0.12475801025503405,-0.1359666889280504
0.04587701140232041,0.07190477655767147
-0.06707583800383257,0.09013009937575472
0.046184045515990854,0.07593979971236572
0.06718557437976486,-0.004038602436882059
-0.18317304436826293,-0.061231245153821307
-0.09134346467234436,-0.06936789939635232
-0.08759463134568443,0.01587734865894415
0.009595204615907453,0.011451984369212258
-0.024933174767254887,-0.04514325959966579
-0.054594068950729394,-0.06704323392452709
0.05158025540356545,-0.07018062362287866
-0.1408200571832521,0.025426747626262968
-0.12845476490233443,-0.16650070431427816
-0.10688552958360836,-0.043784586758156135
0.21277111338357008,-0.17125856954218668
0.012789267111705138,0.07326302774029528
0.07811388315294907,0.036425867226306606
0.020168426548079325,0.11093081927785393
0.1274424289055014,0.04168453095918529
-0.1445025203404502,-0.11264475251305674
0.026974061019968507,0.15639827496334155
0.03918464660613735,0.019546885275984454
-0.28762108414816495,-0.22672352686578828
-0.07777062052492278,-0.19314548793348504
-0.13832816374660814,0.012261486453811126
0.13011393669569282,-0.11350763620527936
-0.34190654190083114,-0.04992764812400306
0.15736858491444367,-0.07672563972955634
-0.08425195714697639,0.07267554047684775
0.12450779606415262,0.08091709327925534
-0.0920018246243635,0.137463656085183
-0.004694540536308689,-0.0633248684196688
-0.17106919413647168,0.02670258352837152
0.03924091137017956,0.058397389314605044
0.012178669737951772,-0.10083840853195537
-0.09964970072555536,0.012764473983635994
-0.09313425501230327,-0.07498884432745885
-0.13735613814329473,-0.18511754826462565
-0.25847891843412374,0.08091955534390048
0.04100275571910174,0.0015456927032832177
-0.04729912541380064,-0.04609727823071036
-0.10367013169436265,0.07828632777162957
0.006611004471383998,-0.04158222790332659
0.007284151430821055,0.027967541685852127
0.19755236924882444,0.08034096966859591
0.02589893856894939,0.07970831376985596
0.09528683041081967,0.07291631325094526
0.0006775799105503549,0.10865371337329471
0.14308057319965028,0.13795700936344543
0.16815251094955613,-0.11022647793115427
-0.03761867829052772,0.13131404489140944
0.1908195246223532,0.14468774892864267
0.1348509781136632,0.15787801574751367
0.18627558104150035,-0.09099570259530836
-0.282906785901074,0.003932711067996714
0.05988062636463543,-0.011789738607252184
0.059920746644508485,-0.09437084408291868
-0.14419044134191378,0.13441088858797218
0.06259243749897986,-0.14877154312660051
-0.07999621955308704,0.03649674900411867
-0.1143536248068374,-0.015296618000285199
-0.003011367314074755,0.07870037565738122
0.1106109891356761,-0.0891157942226553
