0,1,2,3,4,5,6,7,8,9,10,11,12,13,14,15,16,17,18,19,20,21,22,23,24,25,26,27,28,29,30,31,32,33,34,35,36,37,38,39,40,41,42,43,44,45,46,47,48,49,50,51,52,53,54,55,56,57,58,59,60,61,62,63
0.083836354,0.083507076,0.08163255,0.07849309,0.0792627,0.089140415,0.07519139,0.09127161,0.09888528,0.06256076,0.055046294,0.06602064,0.06561853,0.05735682,0.09514809,0.08450701,0.031785313,0.06380445,0.011971822,0.014136121,0.01994169,0.04408274,0.0524437,0.0048263883,0.007951898,0.019491449,0.020937072,0.02481516,6.0998453e-05,0.010850388,0.012887838,0.0027154607,0.030759169,0.06985627,0.08090447,0.04154269,0.028717771,0.05933929,0.033252493,0.043752532,0.07487015,0.080122136,0.074079655,0.06592358,0.05856496,0.0606458,0.090862945,0.062951565,0.034390893,0.030596389,0.029207619,0.036493395,0.036429897,0.02866716,0.036547784,0.050365984,0.026928348,0.031003946,0.034363694,0.025122872,0.028496604,0.049524553,0.035631385,0.016588626
0.08497269,0.07739954,0.089127116,0.0872509,0.084480986,0.08846352,0.08149818,0.09476981,0.059245702,0.06605093,0.036596023,0.05345206,0.05997801,0.057400342,0.07263516,0.08516624,0.028423067,0.048518997,0.010427405,0.014553657,0.006153673,0.052623216,0.03892186,0.034348227,0.011819921,0.05423368,0.048036605,0.052467793,0.027170336,0.013078468,0.03577254,0.02559173,0.05850081,0.0961311,0.08660728,0.06952391,0.05410973,0.07087951,0.06041316,0.07798471,0.048401393,0.07922477,0.06727792,0.038687874,0.026979417,0.0915678,0.061181266,0.06640726,0.03515561,0.018360278,0.009003117,0.017584957,0.01553094,0.022462323,0.047013886,0.045924302,0.04454062,0.060774114,0.048040424,0.049368907,0.033228997,0.069997296,0.07042231,0.043974765
0.066494085,0.09330808,0.078898326,0.07844746,0.101351865,0.082873926,0.06611858,0.076338865,0.06505681,0.056363896,0.031802025,0.06267287,0.064845525,0.070732005,0.07999298,0.096914016,0.03287792,0.038680755,0.009970561,0.011604838,0.010336933,0.053057518,0.05037502,0.01312298,0.0058606593,0.01302839,0.010948971,0.03990948,0.004686952,0.017313618,0.013553863,0.009985397,0.030129643,0.09132323,0.078430444,0.03647037,0.039377823,0.068876095,0.038714226,0.049149934,0.057166014,0.08093864,0.07863741,0.05096749,0.048913762,0.07736642,0.09082864,0.08245467,0.04593409,0.03351934,0.031940423,0.027924938,0.02706152,0.027396752,0.057246346,0.066380806,0.020858778,0.027334329,0.015741648,0.019582069,0.019013435,0.055441592,0.01901996,0.01739876
0.07705701,0.068053015,0.087109745,0.096285865,0.07433392,0.07071364,0.07143857,0.073951945,0.064454876,0.059940442,0.041236635,0.057999726,0.060491275,0.048790377,0.08329595,0.07990991,0.014744192,0.059730314,0.022856964,0.01490125,0.007969393,0.055789743,0.05597107,0.020389693,0.022410365,0.058522075,0.052892618,0.042546365,0.025213413,0.03173784,0.05822091,0.027597975,0.07942043,0.083922885,0.07922466,0.06846074,0.05546023,0.07995652,0.059790686,0.05677566,0.041429915,0.05576705,0.060887486,0.025728019,0.016846811,0.06986301,0.07110321,0.05969733,0.039316397,0.0230114,0.00012456825,0.028372945,0.018679466,0.014027168,0.029147845,0.06490891,0.046017185,0.069182634,0.057735417,0.05464217,0.04734994,0.07321036,0.057457473,0.029091753
0.08509209,0.066155456,0.088383086,0.071888275,0.07224446,0.07141265,0.06965646,0.08037925,0.08390131,0.06416128,0.0571979,0.059535712,0.066891685,0.06879431,0.074079484,0.07152188,0.036433272,0.04485659,0.019720037,0.022395423,0.006360422,0.06328804,0.025136685,0.005808021,0.0152088525,0.01221327,0.020075157,0.03033343,0.0057259724,0.0035631878,0.011464532,0.02464197,0.020838533,0.054389607,0.071499884,0.015190961,0.024802482,0.04365883,0.0127079915,0.031943474,0.060678784,0.092315406,0.06904775,0.05239682,0.059972398,0.07319674,0.071329765,0.0827497,0.024342055,0.051606115,0.034358937,0.046792414,0.031579923,0.04529253,0.05963047,0.052729245,0.019149125,0.019826312,0.016836353,0.01945991,0.027953314,0.051461417,0.016615396,0.014727246
0.090908185,0.06616056,0.087585784,0.07671802,0.084238894,0.080396526,0.068749085,0.07667296,0.07015941,0.052332807,0.056012996,0.059229597,0.073942624,0.058888085,0.07588118,0.06834573,0.033771798,0.04233472,0.010822767,0.021296345,0.009664788,0.05854498,0.054852128,0.013703444,8.72038e-05,0.022677176,0.019910067,0.010137948,0.005903178,0.014998904,0.0024112575,0.007014226,0.035122048,0.07154005,0.065144785,0.0491497,0.020824587,0.046761442,0.029637609,0.028054388,0.05817245,0.08008673,0.070729345,0.06452823,0.060732186,0.0693651,0.071697526,0.0692475,0.03720605,0.03814613,0.0128424475,0.030701952,0.03467816,0.055180263,0.035581224,0.05360421,0.021231862,0.039791066,0.022936724,0.023768125,0.017832696,0.05398953,0.02306532,0.016252393
0.085660055,0.094686955,0.08847766,0.10148992,0.08632059,0.0962426,0.085790426,0.06835522,0.09551434,0.0591243,0.053191166,0.07063887,0.07653336,0.0635092,0.052098226,0.089864545,0.020404918,0.06388678,0.014651874,0.009361589,0.019070826,0.059153512,0.022607427,0.012973234,0.0024336046,0.018485233,0.01005465,0.019900514,0.00013217566,0.005216007,0.010432908,0.00013994318,0.03049947,0.08257829,0.05907392,0.043104887,0.04122489,0.07281434,0.03623402,0.04812394,0.0644474,0.07813151,0.083128504,0.07099389,0.07710278,0.07338484,0.07270789,0.070530616,0.016997248,0.02307254,0.012275764,0.014713142,0.03087113,0.043814458,0.03482425,0.055300154,0.041881926,0.029775366,0.03830987,0.024793483,0.026800985,0.069795676,0.029855212,0.024620919
0.09164926,0.07749514,0.086595066,0.0939624,0.076319166,0.085514985,0.06928771,0.084640376,0.08925426,0.04674167,0.028486717,0.06503469,0.0435377,0.060305096,0.05914872,0.06736949,0.029218283,0.044109806,0.010593338,0.0095347,0.0013018055,0.056690805,0.043897465,0.018769082,0.045841612,0.0685047,0.06283724,0.052205965,0.025284333,0.020277012,0.030295536,0.019608142,0.06147116,0.081934854,0.081418574,0.064375125,0.069440484,0.07887352,0.06645261,0.06087698,0.042004924,0.071826585,0.07553001,0.046714183,0.03804923,0.07429993,0.07609368,0.05564315,0.0155802965,0.02943407,0.0063470835,0.020192036,0.02708144,0.029882174,0.047378395,0.06065285,0.042287573,0.048611585,0.04026217,0.053314548,0.024511607,0.068052,0.06499253,0.027277961
0.07272133,0.062317267,0.046832476,0.050332494,0.040914252,0.068779886,0.031980883,0.057395324,0.07951795,0.066551454,0.05725352,0.080959484,0.06355186,0.081915654,0.08495348,0.092768244,0.014335269,0.030026592,0.00010742807,0.0018722299,0.0024981005,0.047067918,0.0623226,0.0058618793,0.03228706,0.036111344,0.036063593,0.028487545,0.022254167,0.031747427,0.020749351,0.01923035,0.023325188,0.054138433,0.05728967,0.025645144,0.020951925,0.040644236,0.023203941,0.01781719,0.051215604,0.082844265,0.08363671,0.049477953,0.039623413,0.06502433,0.076451965,0.058994222,0.07007923,0.04517453,0.047998086,0.074439004,0.041267112,0.046421092,0.07639085,0.050867524,0.012164487,0.040552784,0.050708517,0.033099465,0.01441107,0.048165914,0.057966802,0.01899791
0.062326718,0.06653749,0.056740843,0.062361613,0.05658909,0.071964845,0.05868247,0.05650443,0.0964364,0.06961648,0.09466714,0.097328745,0.07106073,0.082293734,0.081167415,0.085158385,0.0020741012,0.0012413686,0.0053970735,0.007844727,0.00014219496,0.008886846,0.021873705,0.015169865,0.010401141,0.022030948,0.013168318,0.019203652,0.0111262,0.010455558,0.020488815,0.008043867,0.013500191,0.04752569,0.05452199,0.03382286,0.03351139,0.035870176,0.033281304,0.028183918,0.016496606,0.06821876,0.07180376,0.024623103,0.022944085,0.040423855,0.056578323,0.031528402,0.045884438,0.059858892,0.039903093,0.03503027,0.049532574,0.03644106,0.03457291,0.018090433,0.028877331,0.017140001,0.018498786,0.02490134,0.03210317,0.039409652,0.036420897,0.020763742
0.056070298,0.051823135,0.06809058,0.043633465,0.049110655,0.04296668,0.05439212,0.051832233,0.09568577,0.08629731,0.107880704,0.08820444,0.09340633,0.09434975,0.06965858,0.09671382,0.010147702,0.009341577,0.007428301,0.0052983398,0.004266903,0.019479472,0.021802682,0.00909249,0.020315195,0.020045504,0.026927706,0.03611974,0.02128183,0.01666264,0.02353407,0.012821728,0.027305067,0.0395578,0.032446127,0.024322541,0.022768455,0.044229254,0.02708339,0.042043764,0.02203309,0.06948282,0.06551714,0.020886619,0.009976513,0.043075837,0.06213543,0.02305259,0.03536724,0.05385572,0.044826314,0.038699593,0.026880117,0.06391811,0.051547404,0.047578946,0.01579803,0.013598281,0.03488591,0.034015257,0.018427629,0.026382767,0.016576707,0.016639164
0.065493755,0.0628433,0.068349734,0.056867898,0.062161908,0.05469404,0.05128366,0.058885045,0.083513975,0.06799596,0.08407832,0.08263584,0.085487165,0.078365795,0.059257876,0.06860714,0.027195478,0.017363898,0.020221699,0.004671165,8.999882e-05,0.029642928,0.023047587,0.009401364,0.0060078846,0.017357947,0.03443898,0.015263028,0.0059667192,0.023167394,0.024948284,0.014730091,0.028686246,0.036883622,0.046595726,0.033591855,0.033978168,0.0579233,0.038182266,0.054950528,0.056806114,0.07073327,0.06787748,0.034816545,0.022578783,0.07570141,0.070390806,0.037772793,0.06015182,0.048026692,0.048228994,0.039782595,0.042171493,0.05357317,0.06420171,0.04692851,0.039175507,0.033569112,0.022513889,0.03329329,0.024906132,0.04224553,0.025029542,0.021411743
0.070178576,0.05927315,0.06039129,0.057737984,0.053627655,0.06249069,0.06503895,0.07333108,0.082946725,0.08095563,0.08991672,0.08708325,0.071442,0.07263061,0.09979652,0.091297194,0.009151448,0.008666238,0.01195101,0.006299999,0.003752887,0.022392435,0.025880272,0.0060113487,0.031248622,0.022273803,0.013643949,0.021129142,0.0011091847,0.006478687,0.028760366,0.004482577,0.017695762,0.03311345,0.053505603,0.016635789,0.013545138,0.035001386,0.01922249,0.03064476,0.036995396,0.06633928,0.080291785,0.022548543,0.011551249,0.06367235,0.07879192,0.036316276,0.052316204,0.042874325,0.042968012,0.059225857,0.05427037,0.057473466,0.06991437,0.049649853,0.017432583,0.031052154,0.033115957,0.033565808,0.01732825,0.03597028,0.029717514,0.012545339
0.059948046,0.0667863,0.07714579,0.07728372,0.05507415,0.0672939,0.057361644,0.05607553,0.07481045,0.079492845,0.08318128,0.09112901,0.08547636,0.08015684,0.08473593,0.0758354,0.000106598876,0.004330714,0.0026597178,4.8651353e-05,0.0022529473,0.017115608,0.02519599,8.9978006e-05,0.00039056898,0.016427524,0.021292776,0.021136403,0.009718888,0.0013056123,0.010168241,0.00534226,0.009237316,0.040169243,0.049464867,0.02215284,0.010397399,0.046625156,0.033841386,0.038662672,0.03634218,0.07816433,0.06882986,0.025208587,0.028061317,0.049172435,0.05980735,0.026860584,0.048376136,0.05191256,0.043397013,0.05106055,0.03259081,0.048512574,0.0429189,0.0345652,0.031227276,0.021034002,0.018641867,0.020088803,0.047147464,0.042407244,0.020763718,0.016836056
0.07361021,0.07325029,0.06890789,0.07746054,0.060678143,0.054388147,0.06794005,0.065588355,0.08374234,0.074228436,0.060545996,0.07066539,0.101911224,0.081313156,0.10569218,0.0859002,0.005017396,0.02434639,0.0121588195,0.0011596371,0.017177345,0.03041969,0.035893343,0.009937144,0.0041501024,0.036998317,0.032904472,0.030947277,0.011246192,0.0036660228,0.011844374,0.009903338,0.016574264,0.046627443,0.072072744,0.0381179,0.022989571,0.03544092,0.01659074,0.038916625,0.039097536,0.08001044,0.09288268,0.031102838,0.019032419,0.064198874,0.07419779,0.049612053,0.06416062,0.056389038,0.049636375,0.06736128,0.04380976,0.060511347,0.07490818,0.053089183,0.01808057,0.046713863,0.041898742,0.050564844,0.03758568,0.0454844,0.038724244,0.023658214
0.06430586,0.050161455,0.062534235,0.06863123,0.03795379,0.061744407,0.03402258,0.066258684,0.081573464,0.035772946,0.041367836,0.070250474,0.06305272,0.064219445,0.06573405,0.0868965,0.0036999588,0.048959162,0.0050665615,0.002221066,0.016784078,0.039429136,0.040238246,0.016540451,0.025498193,0.039020255,0.054355297,0.05353029,0.033683084,0.050690036,0.039211504,0.033809062,0.015720926,0.049690444,0.048004307,0.016288124,0.015434804,0.04413752,0.028862717,0.014947895,0.043638818,0.093393415,0.08890919,0.04238858,0.026421482,0.072747394,0.08154403,0.059298947,0.063805096,0.06417168,0.05847287,0.07167419,0.052694153,0.046310678,0.0833419,0.055418614,0.0003925601,0.045443337,0.033823993,0.03780558,7.89045e-05,0.04329793,0.0546605,0.017316593
0.022796316,0.022149514,0.03491318,0.037277732,0.012913497,0.04392739,0.01159845,0.019049136,0.05900866,0.05409708,0.058788076,0.04148074,0.040606327,0.050228383,0.04473403,0.03447659,0.10295073,0.07511154,0.09018206,0.08010623,0.07344644,0.099475704,0.0774244,0.08498185,0.031087516,0.039893646,0.020887459,0.033821568,0.029792285,0.0354878,0.01622398,0.04195029,0.015210308,0.029556036,0.009213043,0.00627543,0.021978516,0.009737989,0.014319232,0.012940861,0.03513374,0.050146483,0.039570015,0.04633449,0.03296463,0.043942187,0.055994004,0.043512333,0.01836193,0.052110653,0.019132031,0.038517658,0.01723187,0.022633107,0.028919512,0.0878266,0.017835887,0.022364194,0.04135696,0.02611756,0.024097998,0.032780796,0.025532054,0.024929622
0.0074986336,0.03194333,0.017863663,0.023675108,0.003125495,0.055083167,0.0065201935,0.022619264,0.062283378,0.03053773,0.03281707,0.0071343333,0.021619795,0.02593427,0.048845425,0.06169321,0.07719832,0.08573509,0.088131554,0.08375387,0.088670634,0.09150098,0.0850108,0.09172084,0.039695494,0.034042537,0.054084737,0.040183164,0.03397145,0.05276516,0.014126662,0.02344948,0.04610809,0.051598627,0.032360133,0.038049314,0.047307763,0.042047523,0.036079377,0.020095693,0.0433163,0.06792451,0.070149906,0.048809275,0.05490024,0.05448774,0.09027781,0.054436274,0.0561346,0.04230432,0.047124695,0.065486014,0.03783804,0.041836448,0.07615065,0.10150725,0.012191103,0.039277032,0.04298074,0.027501592,0.003988723,0.03395887,0.039313164,0.01903148
0.038797908,0.020051375,0.032927133,0.014299226,0.016579194,0.053090636,0.01924322,0.016473802,0.04042236,0.043949857,0.04531245,0.022147091,0.033312865,0.044621468,0.051064316,0.023111003,0.090212785,0.09029234,0.0854357,0.09347463,0.08814222,0.064140186,0.093488194,0.091257006,0.026644506,0.049700473,0.03516719,0.03330986,0.019332819,0.057532303,0.03240363,0.020373711,0.011833561,0.013143538,0.045873716,0.0036038286,0.0116916355,0.016203348,0.014080582,0.012245132,0.05486552,0.048828956,0.045308486,0.066461615,0.047358286,0.057083707,0.07095487,0.05508525,0.040600482,0.046512634,0.034886777,0.062214285,0.021044523,0.043771707,0.035512045,0.08113062,0.027278746,0.028943544,0.0442167,0.035835315,0.020284912,0.05234368,0.040346038,0.037820626
0.0213232,0.017062528,0.012724825,0.021353167,0.014261517,0.037044417,0.023072878,0.017783636,0.055083454,0.03411366,0.058515176,0.023765134,0.032225687,0.06471327,0.029855488,0.027238196,0.08315532,0.07546029,0.08188505,0.08691297,0.07695506,0.08691765,0.07488383,0.081138425,0.031447504,0.01635002,0.03281531,0.026797228,0.02579659,0.049206514,0.023826411,0.02801752,0.023372304,0.024597915,0.016620204,0.030916316,0.036681067,0.027746614,0.02025051,0.03373982,0.06050754,0.045874447,0.04398198,0.07263748,0.065783866,0.04736833,0.045521304,0.0536777,0.024921916,0.03977688,0.029075278,0.05308718,0.033421665,0.028020235,0.034704354,0.070346445,0.016029371,0.017275969,0.036916014,0.023243004,0.025217317,0.03391488,0.021223098,0.014857693
0.012028765,0.01959467,0.04120531,0.027450182,0.011967591,0.06975472,0.012595388,0.016514797,0.038530942,0.03418965,0.048618976,0.022351218,0.036043,0.033279274,0.033322256,0.03740399,0.08857104,0.08865236,0.08103275,0.093727306,0.10530813,0.0894415,0.09262907,0.08313946,0.020460501,0.034436025,0.04393519,0.033555806,0.03568333,0.05788191,0.020268446,0.03883582,0.033464935,0.014617273,0.02282418,0.024123216,0.02269904,0.020772671,0.025470689,0.016219363,0.06209028,0.061427187,0.040882844,0.0669251,0.064832516,0.0633722,0.06327271,0.06191277,0.03887905,0.039718643,0.01692837,0.04488602,0.02500101,0.02843987,0.03488641,0.07087651,0.010686714,0.03695718,0.015002715,0.03544564,0.020158073,0.02094084,0.02203218,0.027180225
0.009869096,0.021499151,0.012590934,0.020921635,0.0085371025,0.04359779,0.013643666,0.03856022,0.06287062,0.016044777,0.027280495,0.014608419,0.014543816,0.022740545,0.037160333,0.050639424,0.07721407,0.096979305,0.08284678,0.09529815,0.07270577,0.084308304,0.08138959,0.08783921,0.028156605,0.04406141,0.055699088,0.04528021,0.020603865,0.05571997,0.025158312,0.016018942,0.026981926,0.040275693,0.02608959,0.046723302,0.061234675,0.049467884,0.044532184,0.030660981,0.04777943,0.08361097,0.07598112,0.0502748,0.044975422,0.064341836,0.07394844,0.04559541,0.055145957,0.052180298,0.03605933,0.07814315,0.053637527,0.056927998,0.069679625,0.095582746,0.013356152,0.035073556,0.029557547,0.015379748,0.003320308,0.033163544,0.032071553,0.00830435
0.0010487488,0.016507499,0.010457881,0.020974405,0.013823916,0.012839418,0.004563504,0.024140274,0.0730328,0.05617698,0.053761065,0.04721973,0.050715316,0.05594992,0.052044753,0.06527296,0.034048505,0.05766033,0.044874113,0.030022178,0.037168812,0.06353578,0.099152684,0.031767614,0.040409364,0.027742226,0.038470767,0.03595102,0.03552544,0.05424521,0.040261287,0.03650587,0.03696363,0.032722697,0.02891616,0.04198605,0.033938162,0.036508746,0.028473172,0.040061068,0.035105146,0.05379443,0.06997161,0.022025337,0.015751788,0.020975895,0.0648504,0.020514347,0.04711629,0.050518725,0.051046547,0.06796455,0.041371528,0.04315779,0.09875268,0.0908772,7.064418e-05,0.020993158,0.031958394,0.021474855,0.01674886,0.015289764,0.023956917,0.007699086
0.019044114,0.024934484,0.0139944665,0.0145541495,0.0085106455,0.024820922,0.007819425,0.008093105,0.049132716,0.04247897,0.062836505,0.030947153,0.031684183,0.025587253,0.026644845,0.031116888,0.08435005,0.086210616,0.0854125,0.08719141,0.08087888,0.07860836,0.07038392,0.08976229,0.025844786,0.040561963,0.04978911,0.02890517,0.026933005,0.037846647,0.021050528,0.038916495,0.03817292,0.007463405,0.010499023,0.006885997,0.014316855,0.01224368,0.031994957,0.0084678,0.035101667,0.04350406,0.04102703,0.06508569,0.044073742,0.039127737,0.050774634,0.032150187,0.03564436,0.044721223,0.04433491,0.043637548,0.027137335,0.028582007,0.041556243,0.059888244,0.014309807,0.02771632,0.018089449,0.03487696,0.013081927,0.032934386,0.04333749,0.021103721
0.007289531,0.0350808,0.013008957,0.034669507,0.012906372,0.0103399595,0.025502773,0.030708263,0.057824433,0.0078467205,0.013104941,0.0055856057,0.01119863,0.010378988,0.032619186,0.052594528,0.021000082,0.02469453,0.011584969,0.020260662,0.018540148,0.0115626175,0.02088162,0.026230417,0.09150926,0.091675915,0.09107315,0.09856259,0.09395207,0.093849845,0.08789333,0.09307159,0.0118373195,0.040134765,0.043043286,0.01574502,0.02313455,0.024530629,0.029129507,0.026287949,0.035264473,0.039758276,0.059791464,0.049208503,0.015921742,0.06352531,0.06070823,0.042689696,0.051440254,0.047517184,0.033130478,0.068939544,0.0351301,0.041616946,0.072783396,0.04049673,0.018752411,0.07411989,0.05965414,0.069870606,0.03370514,0.02941061,0.059774183,0.04534845
0.025169984,0.045180567,0.02667219,0.04881884,0.0073023317,0.020672383,0.014562026,0.048562597,0.043932293,0.02141921,0.038452134,0.028654654,0.017715499,0.019422362,0.047323175,0.05778175,0.02779809,0.044781733,0.020228501,0.017236955,0.0087582,0.047047146,0.04653988,0.036049545,0.09929061,0.09311702,0.087007865,0.07371472,0.09317572,0.09000784,0.07252274,0.07615405,0.011043801,0.06728378,0.057745248,0.035711754,0.025170477,0.030630019,0.041073777,0.021741003,0.025326502,0.0506868,0.05356067,0.03952413,0.00147994,0.05450906,0.051334478,0.035284664,0.06846232,0.05333348,0.056473307,0.06309263,0.035870925,0.04021795,0.0691349,0.07152921,0.07291768,0.09758742,0.092911474,0.10073445,0.07802676,0.08458272,0.088815704,0.07600561
0.02545823,0.04187348,0.012070856,0.044917505,0.008521016,0.012006389,0.020567838,0.047065113,0.05067855,0.010970642,0.021315308,0.011433334,0.01497758,0.013817139,0.04566727,0.05974223,0.0099417865,0.042354327,0.03095981,0.0113206105,0.02135668,0.033897016,0.02940168,0.03206931,0.081291005,0.08813324,0.08449582,0.08475515,0.07564303,0.07957664,0.06825368,0.080901586,0.012838227,0.041627515,0.04758144,0.031007271,0.027887557,0.024622234,0.040213287,0.037697114,0.03621691,0.049938384,0.073675,0.021445584,9.8741344e-05,0.059677284,0.052765418,0.04310243,0.06623244,0.058634467,0.04527207,0.055571187,0.0348871,0.049114678,0.056470145,0.065339744,0.058982115,0.09931662,0.09031586,0.09139326,0.05778085,0.083893955,0.08365617,0.06999892
0.017413316,0.029788814,0.03760565,0.043350562,0.016844844,0.019706847,0.027147675,0.048294857,0.05389846,0.0095732445,0.009721238,0.00453561,0.0066122278,0.010257977,0.04606611,0.052604664,0.013954931,0.056650523,0.02052027,0.010193967,0.016356718,0.038328566,0.03190824,0.02915195,0.06098575,0.08256027,0.079366185,0.08157032,0.09003672,0.074094914,0.091752425,0.08857292,0.016922593,0.047036607,0.0666188,0.0360658,0.03001898,0.033917986,0.035501316,0.026498863,0.038811203,0.058848813,0.05183904,0.03575634,0.0019057823,0.042006847,0.07196111,0.041148588,0.050986666,0.06592726,0.03882986,0.06911546,0.044376165,0.050728388,0.05047017,0.052470926,0.029478848,0.083569676,0.08986589,0.08006388,0.04677859,0.045440122,0.08377569,0.05836088
0.022280816,0.014483751,0.007683763,0.023350516,0.0074078105,0.0044030063,0.008587325,0.023556056,0.034114547,0.007837116,0.005479606,0.013760668,0.0118601825,0.0010853214,0.029538274,0.054473985,0.018663555,0.03215403,0.0055038165,0.02149389,0.030991523,0.02059807,0.02225415,0.035429377,0.08680049,0.07038125,0.09196527,0.087363385,0.09310707,0.085474774,0.075606465,0.09319339,0.058101945,0.03674543,0.035678636,0.03821856,0.035784446,0.028999088,0.030810468,0.041949783,0.04280243,0.047218323,0.048563424,0.031059418,0.012737439,0.028093096,0.050260317,0.027642505,0.041005824,0.0457377,0.058170486,0.05710294,0.035701375,0.042401303,0.04179393,0.020579439,0.011005861,0.06914786,0.074245736,0.061298903,0.02334056,0.026091194,0.07847989,0.045142684
0.008605831,0.0139828455,0.014510029,0.023743298,0.01253294,0.021194626,0.0110078305,0.02867121,0.075247414,0.01566353,0.017800495,0.009922326,0.015317069,0.03229508,0.037157133,0.06436519,0.014939251,0.022253305,0.0052399924,0.013488102,0.0127380695,0.047745142,0.044086725,0.020736402,0.09243446,0.08933102,0.08099708,0.088526994,0.08334543,0.09396581,0.08367954,0.090571135,0.031701438,0.037543427,0.039174706,0.025550164,0.017295705,0.023372624,0.025724167,0.032014232,0.032901105,0.050944705,0.060718343,0.037748776,0.012691798,0.032018658,0.0699477,0.021590903,0.06055745,0.05060844,0.04038868,0.05878714,0.040632267,0.038885694,0.056969102,0.04347954,0.01916832,0.06820531,0.060485728,0.073130526,0.03022628,0.023488233,0.080243506,0.030138297
0.014607844,0.025534116,0.017666603,0.028401863,0.004694077,0.016202258,0.0062549626,0.014631354,0.06102448,0.0020387347,0.0039405823,0.015103674,0.015735928,0.012320789,0.024019646,0.05769545,0.023591423,0.027389329,0.013851639,0.019967299,0.031323623,0.023191845,0.026144398,0.014112464,0.08964295,0.08676645,0.08611175,0.10160128,0.088760585,0.07721939,0.07640785,0.0916866,0.013277823,0.021024879,0.03382948,0.019960182,0.010772987,0.014541732,0.017103635,0.0217551,0.04031461,0.054188646,0.07629933,0.0311526,0.019174121,0.041619048,0.06403004,0.047043845,0.051957916,0.04297183,0.056130506,0.083808824,0.040114947,0.070153505,0.04547205,0.02019866,0.020169752,0.07384327,0.061602343,0.048395656,0.02459931,0.028831676,0.08123295,0.031063886
0.02602312,0.025167016,0.0029873294,0.021624045,0.016290033,0.005139512,0.016429067,0.0221747,0.027489299,6.8512694e-05,7.443323e-05,0.000106188374,0.0025881575,0.004535388,0.010342835,0.055328477,0.024442043,0.04118014,0.04280119,0.049188968,0.04403891,0.021127716,0.024046067,0.03135471,0.07414024,0.076287426,0.0834315,0.090301834,0.10041667,0.08510604,0.084661186,0.08404456,0.0165208,0.023804495,0.020457452,0.010826384,0.0032217817,0.0077927792,0.017942674,0.014400253,0.04362775,0.038998242,0.04627643,0.034281507,0.012101114,0.031640705,0.043210216,0.039281763,0.070735514,0.055591337,0.08852199,0.06017458,0.07049438,0.05866032,0.05782944,0.038252145,0.034517832,0.07001435,0.08688722,0.08400734,0.048532803,0.052627165,0.08324228,0.049183477
0.022021944,0.04256136,0.027922338,0.046427123,0.010974482,0.0252367,0.029287541,0.048382107,0.027359063,0.009632263,0.011240103,0.014429008,0.010532659,0.029873082,0.019760076,0.031989276,0.044600513,0.037051205,0.0513488,0.041434504,0.043826643,0.059550658,0.05006488,0.04716397,0.033850975,0.025712637,0.033871215,0.03139412,0.037554458,0.032706633,0.043923352,0.04578358,0.09225853,0.088055626,0.08376552,0.09466015,0.071729176,0.084452465,0.08094705,0.10618943,0.032173634,0.02870854,0.028407138,0.014080286,0.043545637,0.023497092,0.040762164,0.02971732,0.012900896,0.013194144,0.0120308325,0.020911906,0.017657971,0.026232827,0.019768044,0.03786488,0.050798114,0.026517013,0.04989326,0.02976031,0.04983487,0.04032832,0.05102569,0.023711994
0.059016295,0.086993895,0.077508524,0.08713556,0.07445062,0.068944894,0.035996825,0.09173921,0.049319495,0.012249392,0.012709562,0.03863408,0.02984195,0.025751295,0.04544098,0.07268799,0.030211065,0.053050697,0.012140865,0.024161449,0.0077582216,0.03933337,0.07786147,0.011028198,0.02117182,0.044217195,0.0672605,0.04528258,0.030497108,0.032999426,0.03508395,0.039114535,0.08991314,0.08794662,0.07352346,0.07014376,0.08566868,0.081067055,0.081221335,0.071133524,0.013881326,0.056774557,0.07263119,0.023581384,0.004876154,0.05380576,0.065806404,0.025161304,0.02570988,0.03907733,0.01824232,0.038243994,0.01717148,0.018900396,0.02892997,0.04629885,0.05146462,0.07558097,0.054267086,0.067925364,0.05757174,0.046787128,0.06016378,0.03703287
0.06772969,0.07815624,0.075945966,0.08118116,0.0612982,0.07478528,0.05868156,0.08264723,0.07773817,0.020004561,0.026056914,0.029329563,0.029998593,0.025899813,0.057402056,0.067848764,0.019901438,0.04289476,0.027099457,0.014988445,0.026909929,0.061173484,0.06345699,0.014119631,0.02085243,0.058809042,0.06777715,0.060161218,0.02888896,0.036325924,0.029180557,0.03372753,0.081631176,0.07908395,0.09990262,0.075759746,0.096087955,0.081830435,0.0739205,0.077847846,0.024549574,0.06268373,0.057868302,0.020062368,0.014963588,0.06258691,0.056125116,0.027384104,0.033276957,0.012919001,0.0007012226,0.017703932,0.02041111,0.011596371,0.029441115,0.06276538,0.0586229,0.07591628,0.04941497,0.05402264,0.04694532,0.05634769,0.05659064,0.053789265
0.023679601,0.04222866,0.02069973,0.051850896,0.014405129,0.009753758,0.012048384,0.05122297,0.04339752,0.031598624,0.028347425,0.04747847,0.042774823,0.03597328,0.03721738,0.038964976,0.024341997,0.050541613,0.029519549,0.0308851,0.013391253,0.038321793,0.04704118,0.01827322,0.036707465,0.047060136,0.034522682,0.05525375,0.05247871,0.032610342,0.042916745,0.049757957,0.08346551,0.08090355,0.07429648,0.09233884,0.085351214,0.07551969,0.0766711,0.09652379,0.017351866,0.036189362,0.049101353,0.012348952,0.026382228,0.026292946,0.03163661,0.014146377,0.016210617,0.014264246,0.01693423,0.012134561,0.015081477,0.02374656,0.022476025,0.03350877,0.05705906,0.05492087,0.050328378,0.04769754,0.05851105,0.042499427,0.046673734,0.050696548
0.030035436,0.055805247,0.040670123,0.05514453,0.017793335,0.020709053,0.040705957,0.05082754,0.024464844,0.027286666,0.023693392,0.041164417,0.02263251,0.029865324,0.03290135,0.031654578,0.036994062,0.031064428,0.023080701,0.026282623,0.04237101,0.03289999,0.06573485,0.033050492,0.03542516,0.03269085,0.03981449,0.036865987,0.051389623,0.040551797,0.031750474,0.03913691,0.08689482,0.07932926,0.068651594,0.1027744,0.102068536,0.08266051,0.09221227,0.08364167,0.031491823,0.015031344,0.035359178,0.011463471,0.039554007,0.020175874,0.04690566,0.023599796,0.008717544,0.0009842193,0.0046205325,8.1654434e-05,0.0009323041,0.01252865,0.010064302,0.016950712,0.06023473,0.055029858,0.04158188,0.038686693,0.05116632,0.05633962,0.03424916,0.050071057
0.024597624,0.043681655,0.051817186,0.06477504,0.032526888,0.0257502,0.02435831,0.054644313,0.052155893,0.02593757,0.013281697,0.0518347,0.038977865,0.02136824,0.03314944,0.029579766,0.010313553,0.042637575,0.027159682,0.010253629,0.010759305,0.03648621,0.06875938,0.026723757,0.03201057,0.039904904,0.045880158,0.059526,0.02685811,0.03565222,0.042218965,0.04316214,0.102547,0.08017679,0.07092348,0.08297083,0.07850681,0.09626966,0.083038196,0.076733835,0.03160665,0.050157927,0.040325426,0.0076503707,0.010713991,0.022764988,0.05094564,0.019568026,0.03448611,0.04117881,0.020587858,0.032862354,0.003146953,0.030660145,0.03620279,0.028122036,0.05876249,0.051204175,0.04612451,0.044583406,0.042682257,0.04880004,0.045406215,0.04897481
0.028119616,0.05281908,0.017202958,0.055902127,0.017215952,0.028515069,0.010781435,0.051552862,0.02077692,0.012907164,0.014787584,0.04509431,0.018215789,0.024106562,0.031595603,0.035693236,0.04791501,0.053566273,0.040608857,0.03189452,0.05610792,0.05573372,0.0632656,0.042569667,0.037427284,0.049151193,0.050101016,0.039885923,0.045033593,0.041090913,0.03291649,0.039061993,0.085018374,0.08446814,0.08584357,0.07310941,0.10124175,0.10458043,0.09668267,0.084831215,0.035024986,0.030903427,0.03797906,0.018696966,0.008720762,0.031780317,0.034514938,0.03785148,0.024766346,0.029517125,0.0077078487,0.010542503,0.0073194513,0.016640848,0.012908202,0.042116098,0.06778104,0.03510153,0.050935812,0.066557564,0.047102123,0.05218803,0.047794383,0.055590346
0.024646856,0.06520079,0.036371596,0.06466255,0.03994142,0.031245472,0.037148774,0.06832301,0.056189306,0.034059975,0.030549863,0.03385816,0.028421897,0.022607602,0.03628578,0.05144298,0.020572094,0.048380315,0.014821632,0.023346461,0.02931592,0.033607587,0.059559215,0.014042586,0.04734232,0.038115468,0.04336258,0.037934355,0.03542819,0.042450983,0.033368435,0.031710986,0.09411402,0.101527706,0.08466957,0.06915836,0.08072656,0.106542476,0.08228372,0.07980515,0.017772766,0.037035495,0.026235878,0.009138959,0.008218627,0.039188918,0.05052516,0.009922272,0.015331391,0.006028646,7.389899e-05,0.014099623,0.0031547113,0.00689913,0.014682873,0.04219126,0.052930616,0.040712565,0.03825452,0.04830866,0.0564914,0.046094272,0.040460683,0.029783282
0.08379253,0.06849467,0.06918712,0.059949115,0.07855826,0.07808233,0.07053825,0.058021296,0.069929406,0.050311066,0.0371199,0.037351638,0.061641198,0.049860407,0.04127645,0.05854742,0.07152691,0.059452534,0.070380755,0.06462925,0.06998113,0.052079245,0.05897869,0.052033093,0.02262017,0.02153368,0.014288757,0.0273151,0.0013006373,0.027873345,0.011883131,0.016237104,0.021656482,0.035690147,0.048849575,0.024342895,0.01917963,0.037426975,0.038403768,0.017807955,0.10108386,0.075429246,0.08167598,0.088345915,0.08689884,0.092343494,0.08273819,0.09143209,0.047626983,0.07069759,0.066089906,0.0628037,0.061614536,0.06845875,0.073678754,0.056627985,0.0041822745,0.0060164127,0.026638564,0.026516452,0.018770702,0.054041404,0.025949188,0.011489255
0.06325712,0.049727593,0.05774309,0.060316224,0.055340976,0.057649232,0.056333356,0.058904726,0.08742127,0.030941118,0.020416602,0.043192454,0.040511485,0.033137947,0.0729273,0.07809816,0.011741477,0.03831926,0.020840408,0.013603558,0.009375346,0.049006037,0.060999185,0.010215905,0.032998916,0.049917404,0.058966,0.043611094,0.040463373,0.032482818,0.026517568,0.014085455,0.01958176,0.061403237,0.035771098,0.030999469,0.018379988,0.041851584,0.005478069,0.028050771,0.060264707,0.08643238,0.07513855,0.08393674,0.051521532,0.07304789,0.094508536,0.060132656,0.052891847,0.06955075,0.051535178,0.086496085,0.048715964,0.07338971,0.07976069,0.08275959,0.0006787115,0.058166366,0.043567672,0.030850517,0.0020641137,0.054023013,0.043556415,0.011489143
0.04612537,0.056737788,0.062096998,0.08002257,0.06076889,0.04656877,0.030516747,0.06969456,0.07606612,0.044230763,0.015901348,0.033938017,0.04748791,0.024600843,0.07433297,0.082019985,0.0043580355,0.043000564,0.013705204,0.0076187947,0.0029453759,0.06698099,0.05572176,0.009701578,0.022819048,0.057111632,0.04425567,0.046035457,0.022785643,0.03383949,0.032884948,0.029403472,0.01573393,0.05170917,0.053970594,0.022900222,0.016097996,0.05256833,0.007412983,0.028519116,0.07733266,0.084654346,0.09134075,0.06471921,0.050794348,0.08085557,0.07296294,0.063088164,0.07695673,0.06382238,0.062246043,0.083609596,0.06631489,0.07260243,0.092153944,0.08278437,0.003166538,0.037288852,0.04140196,0.0300773,8.723871e-05,0.054688238,0.047539603,0.015645208
0.07029872,0.078263044,0.06806111,0.067204356,0.08070764,0.08222007,0.070411064,0.06622938,0.076278135,0.06664386,0.05008191,0.050656237,0.053858362,0.0600552,0.06537946,0.064374454,0.04402154,0.04085316,0.047088876,0.034668777,0.03542294,0.045569334,0.04674221,0.040719107,0.011705416,0.029796254,0.01575366,0.017226476,0.011465941,0.0153988525,0.010278224,0.018587762,0.034030724,0.05050677,0.05137369,0.047623623,0.027393712,0.032467615,0.019281361,0.047160517,0.09807836,0.0869081,0.07571263,0.08614574,0.09538242,0.08327488,0.08592925,0.09153472,0.07556417,0.053317245,0.08426865,0.057440117,0.058882076,0.06370938,0.06869435,0.06376887,0.024724761,0.003117579,0.021909712,0.026718952,0.0145290205,0.06643606,0.021937301,0.024555447
0.08250075,0.06310635,0.07503465,0.05031311,0.06979256,0.08717964,0.091484234,0.07204778,0.07555936,0.06280723,0.05273457,0.06678711,0.05366884,0.049009137,0.05597435,0.06727407,0.07883838,0.051208213,0.0722363,0.06317621,0.0636913,0.061908443,0.047558594,0.072237805,0.0101549765,0.011169088,0.0067311176,0.016551664,0.0067511247,0.009794049,0.011386571,0.0017784573,0.061982878,0.03393608,0.04866729,0.037893936,0.03313048,0.042196494,0.020077426,0.03844751,0.08778702,0.07140471,0.08694696,0.10726562,0.0862649,0.10030389,0.07742309,0.09003444,0.06099775,0.070155695,0.057012487,0.06995432,0.05921997,0.07210748,0.058340307,0.06234958,0.016821103,7.9124795e-05,8.067928e-05,0.0050438847,0.0100760665,0.031247413,0.0027529122,0.01663636
0.06189509,0.06554293,0.057427585,0.046853602,0.05751831,0.059288986,0.06428598,0.06838382,0.093884066,0.036659557,0.035499983,0.039189674,0.049384575,0.04749405,0.05542953,0.07567407,0.04096591,0.06274971,0.0462458,0.035447586,0.03344817,0.07142277,0.08421774,0.029856108,0.032432105,0.03625782,0.037396617,0.027600931,0.024669243,0.03844564,0.026762933,0.018056463,0.018560758,0.055667777,0.04795016,0.01625126,0.024837326,0.034835868,0.014169739,0.021399945,0.091239184,0.08631763,0.07930127,0.075024664,0.07412623,0.083364576,0.073081225,0.07577613,0.056314137,0.07587616,0.04833435,0.0711869,0.05885371,0.060609788,0.06892661,0.0676755,0.01731949,0.027821524,0.039187353,0.034984972,0.008383385,0.066394866,0.046578225,0.011561504
0.04079643,0.060662184,0.071320534,0.06603722,0.065510154,0.057534527,0.038724057,0.05141481,0.07930942,0.036693413,0.03263961,0.039338168,0.043109912,0.0511315,0.05876119,0.07658377,0.015041234,0.040609486,0.010286638,0.007459862,0.017555833,0.056729514,0.05465148,0.014048848,0.038964186,0.0509288,0.04424166,0.043571416,0.03800973,0.040067498,0.03534261,0.028666165,0.0051413984,0.06356712,0.060326282,0.022051973,0.02843504,0.030785954,0.020725926,0.028511293,0.07014752,0.08765747,0.076742604,0.064364806,0.06405807,0.087566555,0.08866409,0.0738973,0.060896672,0.07324269,0.0587652,0.07758924,0.06627581,0.07335568,0.07512399,0.07334899,0.0075536473,0.04022919,0.05383355,0.03952397,0.0040614656,0.06699741,0.047527257,0.010850421
0.07627248,0.08666441,0.061210513,0.076003574,0.06552984,0.06484682,0.06413306,0.07378885,0.08719248,0.03624853,0.041132536,0.022923175,0.043498524,0.03275305,0.07308946,0.06990468,0.056971148,0.07900099,0.04472118,0.06102504,0.04710257,0.06966368,0.066244036,0.071133345,0.01988801,0.059382364,0.040223937,0.054255355,0.016409418,0.029345168,0.025036003,0.020867098,0.023823777,0.06657711,0.070552506,0.035404384,0.032945845,0.033690173,0.030414222,0.036657967,0.0929865,0.08016131,0.0840373,0.080484174,0.07473815,0.088955335,0.085804194,0.11138853,0.035244823,0.04362222,0.039999753,0.047921926,0.046121307,0.059956796,0.06945736,0.06125765,0.02890978,0.05872381,0.058532026,0.0674889,0.023533138,0.071564056,0.057889357,0.040786017
5.315622e-05,0.0035865973,0.0057232017,0.0077083134,6.556928e-05,8.0640755e-05,9.417823e-05,0.023892606,0.065702364,0.015529438,0.021472676,0.023203395,0.023067137,0.017540181,0.050836712,0.04603081,0.004890888,0.024260962,0.02810678,0.0014652257,7.2908064e-05,0.03072137,0.035319965,0.0058866204,0.05527668,0.072734796,0.060650777,0.061533514,0.043155942,0.05592859,0.044320107,0.055550903,0.015183101,0.018820055,0.017442165,0.019306507,0.013552884,0.038908,0.017523825,0.020518566,0.070422746,0.06724406,0.075048804,0.08005772,0.0343332,0.062675335,0.07325941,0.059039146,0.071757175,0.08604168,0.08853902,0.10357298,0.07895996,0.096428014,0.08844482,0.07065948,0.02083263,0.04738193,0.06938511,0.06628872,0.011618021,0.04913346,0.06419392,0.04080201
9.843122e-05,0.01807118,0.012015461,0.011118679,0.001132888,0.0016843678,7.348552e-05,0.011932431,0.07951958,0.016653117,0.017214805,0.019708728,0.03409362,0.028723055,0.06364385,0.08463684,0.0058767158,0.031713452,0.009861225,0.0038021286,0.008829377,0.06496359,0.059642233,0.011478797,0.0463421,0.059573516,0.06513471,0.06672432,0.03179348,0.05116872,0.04412537,0.046460774,0.010964483,0.028986875,0.012101021,0.012371197,0.010651672,0.025696758,0.01371308,0.010215515,0.067809775,0.08432511,0.082962975,0.055602975,0.034474906,0.066016525,0.06505587,0.050573256,0.081409685,0.10304197,0.08227377,0.07811423,0.08321487,0.09494718,0.07754936,0.06871622,0.009382907,0.051926475,0.053936344,0.045817155,0.0018815072,0.038961943,0.04455364,0.01767174
9.948185e-05,0.007848326,0.0036732473,0.00057018956,7.14822e-05,0.0027759692,0.00082385994,0.014543701,0.07054916,0.01921607,0.062089443,0.058966324,0.051783044,0.03239674,0.068219215,0.07325375,0.0011339228,0.010330908,0.019911597,0.005883764,0.0016585757,0.034407325,0.034961626,0.013090822,0.04403838,0.05725158,0.04359508,0.044683438,0.043648276,0.053632155,0.05105997,0.050317347,0.017860953,0.0067144698,0.018621756,0.0131635545,0.024156604,0.008421354,0.009217707,0.02064788,0.06640657,0.064125605,0.07467722,0.07958317,0.062340982,0.0626852,0.0769174,0.06717564,0.087207295,0.085907675,0.08218605,0.10453573,0.07650542,0.09037606,0.10016845,0.06962855,0.002106067,0.024368422,0.051282436,0.04943666,0.016325362,0.037388355,0.03315003,0.01660388
7.2552284e-05,0.0028199863,0.0024460335,0.003967808,0.0015957267,0.014594221,0.000121339275,0.021814508,0.051986855,0.008078591,0.014881243,0.019639593,0.027996816,0.0070357597,0.04228196,0.07908618,7.279353e-05,0.017756153,0.0031090095,0.00813249,0.018724853,0.036026184,0.03761918,0.016583802,0.056213096,0.06922001,0.07489781,0.062320743,0.03894901,0.065342665,0.051825978,0.05378439,0.007719687,0.028540092,0.024906008,0.02952363,0.009531909,0.031218147,0.020997623,0.014569447,0.06441001,0.085744664,0.084037445,0.060198314,0.014258164,0.06663806,0.065291315,0.042476732,0.094562076,0.08562061,0.086333446,0.085160136,0.0914268,0.07741157,0.073024265,0.07080902,0.012589867,0.06496943,0.079965636,0.06609685,0.028731022,0.04452549,0.06829949,0.025243184
0.0054602614,0.013150328,0.0056312466,0.01573071,3.2900836e-05,0.007958183,0.0010270007,0.012648314,0.050107855,0.013379958,0.013931637,0.013255442,0.021145314,0.019644324,0.04387314,0.048197366,0.031416968,0.035794046,0.032883056,0.003418835,0.0130569115,0.0360435,0.040177554,0.020520642,0.055033572,0.060224686,0.05528396,0.08351036,0.04297947,0.053277586,0.050870758,0.038643457,0.008183812,0.022917567,0.021525763,0.016153296,0.02244236,0.008426967,0.021615133,0.015265055,0.084277675,0.06195823,0.058625944,0.073156536,0.05869269,0.064657114,0.0729673,0.06135448,0.07124628,0.08587397,0.09247855,0.08646362,0.08822146,0.09772576,0.0851809,0.07285561,0.027065253,0.050971895,0.071332276,0.061225936,0.03769534,0.051767733,0.057855077,0.051343568
7.116519e-05,0.0119537255,0.006970455,0.007910422,0.003971478,0.0070330086,0.00965685,0.009678885,0.077612706,0.02636702,0.021356225,0.037511885,0.039868545,0.03666743,0.06348257,0.067168266,0.008564858,0.035533175,0.030801445,0.013734643,0.0030853872,0.050123412,0.05597434,0.024151597,0.039212923,0.058934856,0.05650409,0.06392818,0.04537912,0.05378566,0.05786489,0.06450903,0.03637061,0.023850467,0.023780223,0.024420358,0.019957818,0.026793033,0.01761616,0.02467682,0.06047559,0.08568787,0.064293146,0.094525106,0.06729213,0.070386,0.078545704,0.0645532,0.08979383,0.101469114,0.08572816,0.08137423,0.08422307,0.085613936,0.08178955,0.08235171,0.024991507,0.039673917,0.05279901,0.056362357,0.012835573,0.05621915,0.05239447,0.01056898
0.0018207389,0.019228783,0.021552918,0.0083402665,0.003266934,0.0005776882,0.00031520936,0.0295802,0.073426425,0.022899365,0.016284008,0.04345777,0.04551721,0.04167003,0.049379755,0.08011524,7.671444e-05,0.02493989,0.0064147483,9.1911e-05,6.6887806e-05,0.03296359,0.056940336,0.007898606,0.043793935,0.0582345,0.045394715,0.05700359,0.038420003,0.05340583,0.055007957,0.06014531,0.01734709,0.0369246,0.03899617,0.022451613,0.013434652,0.038838964,0.025284052,0.016060432,0.058057565,0.07191302,0.07562872,0.04955276,0.036532365,0.06432468,0.08127689,0.046191458,0.08139356,0.10657878,0.08086578,0.078057624,0.10550702,0.08022718,0.08276592,0.07514592,0.005206639,0.051660907,0.05804769,0.04751312,6.4136846e-05,0.034187965,0.054748528,0.00326545
0.0012562843,0.01848792,0.018422531,0.029373653,7.025123e-05,0.04037955,0.009654519,0.04391643,0.07248074,0.016753927,0.03494691,0.022688879,0.023771677,0.037107043,0.05505,0.06707191,0.053058032,0.07774041,0.051050466,0.03827428,0.035212144,0.07853434,0.08276343,0.051293317,0.03198336,0.05199272,0.042067885,0.046563324,0.029637257,0.06707823,0.0440326,0.027784823,0.033427443,0.049204763,0.033721887,0.041236866,0.041799337,0.05531881,0.035371576,0.02487055,0.064379215,0.061138473,0.07476034,0.057216633,0.03319309,0.07002743,0.08256449,0.048913367,0.08573097,0.07690227,0.071235545,0.07677304,0.07776975,0.08193745,0.08595408,0.08131886,0.017791245,0.04354918,0.049345497,0.034581907,5.5349265e-05,0.038831882,0.05593057,0.016621007
0.030710964,0.057751607,0.039269507,0.06280356,0.02398399,0.038190104,0.025459193,0.061758623,0.033947602,0.030640254,0.042767327,0.034700043,0.042858776,0.03482299,0.038157333,0.01822867,0.02518842,0.037379842,0.046391856,0.010579069,0.017732779,0.047827315,0.037187174,0.039671905,0.035082117,0.099395216,0.08027298,0.06601215,0.025273692,0.0330354,0.045394987,0.047591526,0.03126348,0.051101137,0.07215353,0.040142994,0.02776465,0.052961957,0.040271863,0.03178083,0.010035314,0.022978814,0.027685737,0.0017292456,0.000111380585,0.023773048,0.016342085,0.03414992,0.03901507,0.03341105,7.045649e-05,0.02393703,0.030404624,0.020009499,0.021357577,0.054072008,0.09472566,0.09222267,0.07436475,0.08417304,0.08225425,0.084892616,0.08582332,0.08598551
0.026072677,0.05464072,0.02751465,0.05483262,0.0052918145,0.02641585,0.026618998,0.062331676,0.04649198,0.016482359,0.024774363,0.017293205,0.027018916,0.01824032,0.031196406,0.052042257,0.022962287,0.056743063,0.035013884,0.015281095,0.022886667,0.064565524,0.046956465,0.025708659,0.06533673,0.07628474,0.099358924,0.06714362,0.07991184,0.07623167,0.064181246,0.058240935,0.02389294,0.06238118,0.06409595,0.03762811,0.03684892,0.07526649,0.04842862,0.040994376,0.017363096,0.034790162,0.051647607,0.0022983428,7.901285e-05,0.05370728,0.042796575,0.04184865,0.033163965,0.024463916,0.038841363,0.044172626,0.01674623,0.04098372,0.04684206,0.05969331,0.06821181,0.09221313,0.071934916,0.07559536,0.071064875,0.0640734,0.10306068,0.07906724
0.014283945,0.060406867,0.028379053,0.041977648,0.010274863,0.012034935,0.021179155,0.045582514,0.05129354,0.03463981,0.024004094,0.014471272,0.013230864,0.0244915,0.042649563,0.056941964,0.015462044,0.046433203,0.02150365,0.014015423,0.010631262,0.048378434,0.030677123,0.024953542,0.06103948,0.091514885,0.096159846,0.07631638,0.0556106,0.069609426,0.066339694,0.07058202,0.01893423,0.052598555,0.076049685,0.03658076,0.022107033,0.044823494,0.039394677,0.03439338,0.027359655,0.044571392,0.035341006,0.022401236,0.0066064685,0.054124832,0.043557547,0.047309086,0.05823332,0.042016342,0.036166493,0.07734644,0.033999052,0.03611874,0.046334077,0.06800462,0.083111115,0.088957995,0.10333212,0.10441013,0.084711514,0.076645695,0.08769519,0.08020567
0.027686318,0.05199503,0.030632949,0.053700883,0.0048374543,0.029521689,0.02543112,0.061167765,0.040604733,0.031562306,0.03184026,0.031633344,0.021460662,0.027673649,0.03513816,0.046261862,0.03298205,0.06282383,0.032213345,0.033829335,0.0142781595,0.04336755,0.020112734,0.02998102,0.05986658,0.10084244,0.09057867,0.0864419,0.06764787,0.073321976,0.061376415,0.07236504,0.0072322986,0.06418457,0.07401249,0.05282983,0.019698987,0.05465705,0.03490846,0.029908475,0.03419631,0.048085496,0.048514344,0.03378607,0.004689573,0.049257908,0.04723178,0.03876505,0.05576929,0.059244502,0.02186898,0.063314505,0.032969415,0.03723269,0.0425633,0.06556893,0.11533813,0.08704541,0.0885375,0.09561112,0.08636511,0.07974069,0.110925086,0.08669637
0.045159,0.062538855,0.0318077,0.050177127,0.020764364,0.04644727,0.045771435,0.04885371,0.023228716,0.022145178,0.03318164,0.034503277,0.028285474,0.03812614,0.04296469,0.0060447785,0.031114263,0.053267933,0.044991326,0.021095954,0.026268585,0.018829573,0.013120772,0.044162333,0.041761477,0.10369601,0.08718246,0.08578711,0.045435544,0.03281519,0.04270164,0.04681666,0.015129385,0.032428462,0.057511467,0.029665085,0.04108757,0.039504223,0.045148015,0.03426477,0.021809978,0.025986241,0.016344206,0.016158467,0.0010933034,0.028191866,0.02022606,0.04989407,0.020866131,0.012115603,0.004066574,0.010456987,0.031966764,0.01290708,0.011524523,0.025633954,0.08947612,0.08974477,0.07901795,0.095524706,0.086431555,0.11442283,0.10271643,0.100222856
0.058754973,0.0612301,0.059342,0.07189914,0.026757967,0.062322706,0.037088696,0.08176678,0.063075975,0.028380543,0.019336287,0.023924211,0.043846034,0.025441425,0.05080191,0.06118159,0.028482966,0.060076278,0.024929056,0.036660764,0.035749115,0.051749833,0.028703948,0.024900282,0.048051927,0.07774648,0.08460577,0.063400686,0.03744401,0.053776618,0.053173773,0.042826768,0.012638216,0.057358503,0.05726971,0.018700695,0.035829287,0.030062793,0.024977192,0.019590663,0.06623895,0.06835899,0.06973613,0.05864747,0.023054622,0.06859317,0.059351224,0.08520188,0.05682033,0.047964673,0.033671122,0.058045685,0.04631226,0.044891,0.05429934,0.0747463,0.08457223,0.0799171,0.09234058,0.09563881,0.08866111,0.087255806,0.08324359,0.09010542
0.019019615,0.03544659,0.039737172,0.06144423,0.012723678,0.03415955,0.02343909,0.056250855,0.050543368,0.01552777,0.019408481,0.027680647,0.027310098,0.024694648,0.04428125,0.035910152,0.014207751,0.07115246,0.02184666,0.01778268,0.017046485,0.05339335,0.040032703,0.0280681,0.07335677,0.097512476,0.09781397,0.076236926,0.0737606,0.072177924,0.07787677,0.07865115,0.024186097,0.07043598,0.06534289,0.04525989,0.026282517,0.03785656,0.048700683,0.037378825,0.032956686,0.0530711,0.047331203,0.016145593,9.8508506e-05,0.0722654,0.04334267,0.05378327,0.051880352,0.05124171,0.02851694,0.05079528,0.04437009,0.038264345,0.06939606,0.060817074,0.078586385,0.086843036,0.088894404,0.07912608,0.069507845,0.073531,0.08246126,0.076847024
0.042946193,0.05593506,0.028994624,0.057020146,0.013810343,0.029363362,0.05489885,0.052574717,0.037710123,0.02714615,0.0296204,0.03397015,0.02916887,0.022942303,0.03664455,0.026914386,0.04074411,0.04976344,0.041776184,0.03589069,0.043187894,0.04563562,0.004611055,0.040465258,0.074819356,0.101258926,0.09151977,0.08387684,0.063502215,0.066309616,0.06657895,0.06747998,0.018418936,0.050451268,0.050809573,0.025299443,0.024647998,0.050621413,0.035546426,0.034484435,0.05774974,0.03234041,0.025056044,0.028204283,0.013207062,0.048960593,0.047377244,0.059500705,0.04623135,0.032884307,6.646038e-05,0.020109735,0.03254553,0.022563905,0.011933419,0.03198433,0.09874487,0.08559772,0.09758585,0.08909513,0.11128102,0.098555855,0.09922846,0.1013741
